商品图片_url,商品名称,商品价格,商品券后价,商品链接,销量,店铺名
https://img.pddpic.com/gaudit-image/2022-12-13/bd1f5e7dd91d853468c9a1e382711481.jpeg,【包邮】Danisa皇冠丹麦曲奇饼干368gx2盒铁罐装进口黄油下午茶零食专属,价格：79.80元,券后价：59.80元,商品链接：https://p.pinduoduo.com/DvZn9ham,销量1023,皇冠食品旗舰店
https://img.pddpic.com/gaudit-image/2022-07-01/81437140acedd6b65922be4a5049d2d7.jpeg,【包邮】她研社春眠小裤安心裤安睡裤M/L裤型卫生巾夜用超薄不侧漏,价格：59.90元,券后价：29.90元,商品链接：https://p.pinduoduo.com/21snmIVF,销量8.7万,她研社官方旗舰店
https://img.pddpic.com/gaudit-image/2022-12-19/51bf6d33c574eded36a07d9516ba4a4d.jpeg,【包邮】【全网低价】KN95口罩民用现货速发防飞沫病毒当天发货,价格：65.90元,券后价：62.90元,商品链接：https://p.pinduoduo.com/crEn4DW3,销量9216,硕锐医疗器械官方旗舰店
https://img.pddpic.com/gaudit-image/2022-11-25/a11345cabe3d040336a4bf25790d39f5.jpeg,【包邮】Uchino/内野冬天袜子加厚加绒保暖中筒袜长筒堆堆袜冬季女月子袜,价格：26.80元,券后价：16.80元,商品链接：https://p.pinduoduo.com/osunc2O3,销量1.1万,内野星闪耀专卖店
https://img.pddpic.com/gaudit-image/2022-08-16/f6aa6c7c8da9453a0d2dd4b7175f4e50.jpeg,【包邮】林家铺子罐头酸奶黄桃西米露甜品罐头312g一整箱水果罐头【10天内发货】,价格：27.90元,券后价：22.90元,商品链接：https://p.pinduoduo.com/ia8nxYHU,销量6.4万,林家铺子官方旗舰店
https://img.pddpic.com/gaudit-image/2022-09-28/180fc4d199ae414fef5a976c50726516.jpeg,【包邮】枇杷秋梨膏传统手工古法熬制浓缩养生滋补膏老少皆宜润喉清肺养生,价格：13.80元,券后价：12.80元,商品链接：https://p.pinduoduo.com/dJunraJl,销量10万+,施觅旗舰店
https://img.pddpic.com/gaudit-image/2022-12-21/39e964c39d44153133a40fe5b21081cc.jpeg,【包邮】【可防奥密克戎】鱼嘴型KN95口罩4层加厚3d立体一次性抗病毒防尘,价格：39.90元,券后价：25.90元,商品链接：https://p.pinduoduo.com/cnonrV3E,销量473,梅羿防护用品
https://img.pddpic.com/gaudit-image/2022-12-20/2f3fbc1f35ff983ad13118b643fa0aa5.jpeg,【包邮】四川新鲜黄柠檬青柠檬当季新鲜水果广安白马柠檬新鲜批发包邮【5天内发货】,价格：15.90元,券后价：12.90元,商品链接：https://p.pinduoduo.com/OoAnbvie,销量3743,岳达水果专营店
https://img.pddpic.com/gaudit-image/2022-12-20/00a9d59d4d6fce3134818d679691f2cf.jpeg,【包邮】防疫KN95成人口罩防病毒五层一次性防飞沫防尘防雾霾防护口罩批发,价格：45.80元,券后价：25.80元,商品链接：https://p.pinduoduo.com/vSqnbI6E,销量2958,鹿遥官方旗舰店
https://img.pddpic.com/gaudit-image/2022-12-19/cf14d0e7525a9002efbdef0de4ade749.jpeg,【包邮】当天发【可防奥密克戎】KN95防病毒一次性口罩透气四层加厚熔喷布,价格：129.90元,券后价：39.90元,商品链接：https://p.pinduoduo.com/AK5AhDgr,销量5147,全品屋家居建材旗舰店
https://img.pddpic.com/gaudit-image/2022-08-02/6e3a2c3e04e006c39029403d7adace16.jpeg,【包邮】上好佳休闲零食办公室休闲儿童小零食虾片怀旧追剧42包5-6g装,价格：25.90元,券后价：19.90元,商品链接：https://p.pinduoduo.com/ndXnvIxh,销量10万+,上好佳官方旗舰店
https://img.pddpic.com/gaudit-image/2022-12-19/72809a294f8b428846da7fafc39b9d5d.jpeg,【包邮】75度消毒酒精喷雾消毒液家用杀菌消毒乙醇消毒水学生便携速干免洗【15天内发货】,价格：15.90元,券后价：11.90元,商品链接：https://p.pinduoduo.com/HPMnm3Xl,销量4091,铭之迈居家专营店
https://img.pddpic.com/gaudit-image/2022-12-21/dec678fb10415f793cadb23c4f5c848c.jpeg,【包邮】仁和医用退热贴退烧10贴儿童发烧冰凉贴高烧冰贴非降温神器【1月21日发完】,价格：39.90元,券后价：28.90元,商品链接：https://p.pinduoduo.com/OjjnvHQy,销量10万+,华康健滋补养生专营店
https://img.pddpic.com/gaudit-image/2022-10-13/8f477ddb6200df77e5a51c1d70265730.jpeg,【包邮】6条袋子装 名媛3.0润肤内裤中腰无痕提臀抗菌女生三角裤女士内裤【5天内发货】,价格：30.98元,券后价：19.98元,商品链接：https://p.pinduoduo.com/nPpn4PuS,销量4529,创宝欣服饰专营店
https://img.pddpic.com/gaudit-image/2022-12-16/1d0519ee4a1f5d8fe27d556e7476a28d.jpeg,【包邮】葵花医用退热凝胶走珠器婴幼儿童宝宝退热贴退烧滚珠成人物理降温,价格：29.80元,券后价：24.80元,商品链接：https://p.pinduoduo.com/IAKAg35o,销量3.7万,葵花旗舰店
https://img.pddpic.com/gaudit-image/2021-08-12/f5454737a061d0001bc12d0744e2e173.jpeg,【包邮】英科医疗一次性手套pvc食用餐饮厨房烘培洗碗透明耐用防护手套,价格：20.00元,券后价：19.00元,商品链接：https://p.pinduoduo.com/VzUnxn3t,销量1.4万,吉冠居家日用专营店
https://img.pddpic.com/gaudit-image/2022-11-10/95fe2313612bbc0154d25df06cc724f3.jpeg,【包邮】n95口罩3d立体kn95女高颜值一次性2022男kf防尘94官方旗舰店正品,价格：50.80元,券后价：47.80元,商品链接：https://p.pinduoduo.com/mpGncpUn,销量985,圣铭家居生活官方旗舰店
https://img.pddpic.com/gaudit-image/2022-12-17/ff4ecd6f187bc2ada3a74a76351ab6d6.jpeg,【包邮】广西武鸣沃柑橘子水果正宗当季桔子新鲜蜜桔超甜应季蜜橘整箱包邮【5天内发货】,价格：19.90元,券后价：11.90元,商品链接：https://p.pinduoduo.com/sAiABB2V,销量3406,当然鲜果水果店
https://t00img.yangkeduo.com/goods/images/2019-05-23/96dcb9168853d677be0626679e70fd7b.jpeg,【包邮】雅客玉米软糖水果味婚庆喜糖玉米糖粟米烧糖果儿童少女休闲零食,价格：11.79元,券后价：9.79元,商品链接：https://p.pinduoduo.com/vwXnbjry,销量5.7万,雅客旗舰店
https://img.pddpic.com/gaudit-image/2022-11-14/cacf988782a376de19746ac6bbde079a.jpeg,【包邮】毕生之研咖啡减淡唇纹唇霜滋润保湿去死皮防干裂唇膜唇膏唇部精华,价格：73.00元,券后价：49.00元,商品链接：https://p.pinduoduo.com/2jPACOob,销量1.3万,毕生之研官方旗舰店
https://img.pddpic.com/gaudit-image/2022-08-23/2d9b1262c67bee1afb5a239b2ba48ff7.jpeg,【包邮】【极速发货】只投螺碗螺蛳粉310g5包正宗柳州螺丝粉整箱正版直销,价格：39.90元,券后价：33.90元,商品链接：https://p.pinduoduo.com/TIvnrkhW,销量4.6万,只投螺碗食品旗舰店
https://img.pddpic.com/gaudit-image/2022-08-16/32e9e7830155ec13aabf45d2e8a499a3.jpeg,【包邮】花王乐而雅日用夜用卫生巾特薄零触感超瞬吸姨妈巾超值组合批发【5天内发货】,价格：69.90元,券后价：49.90元,商品链接：https://p.pinduoduo.com/41hnrkZ4,销量10万+,乐而雅官方旗舰店
https://img.pddpic.com/gaudit-image/2022-12-22/306833a2f32a1e0802a180cf80f6e384.jpeg,【包邮】劲度N95医用防护口罩医疗级别一次性成人医护防疫防病菌独立包装【7天内发货】,价格：306.94元,券后价：301.94元,商品链接：https://p.pinduoduo.com/SLfAgo4J,销量10万+,劲度医疗器械旗舰店
https://img.pddpic.com/gaudit-image/2022-11-17/b3ad8dcf0ca920acd91318cde3fb9263.jpeg,【包邮】6条袋子装名媛3.0润肤内裤中腰无痕提臀抗菌女生三角裤女士内裤【7天内发货】,价格：29.99元,券后价：19.99元,商品链接：https://p.pinduoduo.com/VKrn1Q8w,销量3316,创宝欣服饰专营店
https://img.pddpic.com/gaudit-image/2022-12-20/6ed54f756b1da06eec2672dfb07503c3.jpeg,【包邮】退热冰凉贴快速物理降温神器宝宝冷敷婴儿家用学生散热清凉贴口罩,价格：89.90元,券后价：59.90元,商品链接：https://p.pinduoduo.com/IAgAg35s,销量4595,艾咪艾咪伯林专卖店
https://img.pddpic.com/gaudit-image/2022-12-08/91c4cd5b3868ee57dad09e46aeb86900.jpeg,【包邮】蜜雪冰城 雪王小青柑普洱茶新会陈皮熟茶6枚装整箱批发,价格：19.90元,券后价：11.90元,商品链接：https://p.pinduoduo.com/ytBAggzU,销量774,蜜雪冰城官方旗舰店
https://img.pddpic.com/gaudit-image/2022-05-23/b607359436db3fb4de0da7cb3fea1fa5.jpeg,【包邮】KN95防病毒立体口罩一次性成人透气防尘口罩加厚熔喷布批发,价格：69.90元,券后价：56.90元,商品链接：https://p.pinduoduo.com/Qghnmwk4,销量2.8万,慕棘旗舰店
https://img.pddpic.com/gaudit-image/2022-12-16/bc1bf96b7d4f85ee48ffa353f043a81d.jpeg,【包邮】张家界耙耙小柑橘子柑橘水果生鲜崭谭锹柑非沃柑5斤装包邮【5天内发货】,价格：17.90元,券后价：12.90元,商品链接：https://p.pinduoduo.com/IL7nxK3T,销量1184,肥婷水果生鲜专营店
https://img.pddpic.com/gaudit-image/2022-02-26/b018ae338502dc313538ea81836a9982.jpeg,【包邮】美享时刻烤肠热狗加热即食奥尔良火山石台式火腿含肉量烧烤批发,价格：39.90元,券后价：29.90元,商品链接：https://p.pinduoduo.com/aOlnXQBE,销量10万+,美享时刻官方旗舰店
https://img.pddpic.com/gaudit-image/2021-10-04/7b87a6b857dfc53ab2d2cd7e8a340a74.jpeg,【包邮】低脂全麦软欧包面包夹心无蔗糖轻卡饱腹粗粮早餐代餐食品健康零食,价格：18.90元,券后价：13.90元,商品链接：https://p.pinduoduo.com/XIknbSdt,销量7.6万,儒林食品专营店
https://img.pddpic.com/gaudit-image/2022-11-21/5b6f9f6bdaa42436aab37272a0c6cf55.jpeg,【包邮】宅猫日记 岩烧芝士脆饼干118g日式黑金九蔬网红薄脆咸甜口味零食,价格：34.80元,券后价：24.80元,商品链接：https://p.pinduoduo.com/oY4nFpBV,销量3.8万,宅猫日记旗舰店
https://img.pddpic.com/gaudit-image/2022-11-26/e046be1285ab26cb9adb4eea8f0a80da.jpeg,【包邮】幸棉安心裤夜用卫生巾安睡裤女裤型大姨妈巾经期安全裤产妇大码XL,价格：22.90元,券后价：12.90元,商品链接：https://p.pinduoduo.com/jMRnx8G9,销量5.9万,幸棉官方旗舰店
https://img.pddpic.com/gaudit-image/2022-12-05/1d170bff5438077791b0229408443209.jpeg,【包邮】儿童医 用外 科口罩独立包装成人防疫防病毒防勒耳一次性口罩,价格：24.90元,券后价：23.90元,商品链接：https://p.pinduoduo.com/XQAnctj1,销量6496,尚伊诺医疗器械旗舰店
https://img.pddpic.com/gaudit-image/2022-02-26/996ca063b668f5eb70a70a1f2dcb9157.jpeg,【包邮】芬腾女士内裤女全棉裆中腰少女日系透气透气三角短裤头,价格：59.90元,券后价：29.90元,商品链接：https://p.pinduoduo.com/sX0nTRN7,销量6万,芬腾家居服旗舰店
https://img.pddpic.com/gaudit-image/2022-12-18/24346c8d3ab21d6bf27586da62f0cb85.jpeg,【包邮】【防疫必备】酒精消毒喷雾枪家用室内防疫蓝光消毒纳米空气净化器,价格：69.90元,券后价：39.90元,商品链接：https://p.pinduoduo.com/Aounb9i0,销量9624,馨豪数码电器官方旗舰店
https://img.pddpic.com/gaudit-image/2022-12-16/2b989787d3167e644801528cc6bbb3c5.jpeg,【包邮】芙h医用退热贴婴幼儿童高烧成人发烧贴快速降温物流降温贴散热贴【1月5日发完】,价格：39.90元,券后价：19.90元,商品链接：https://p.pinduoduo.com/vp0AErUw,销量2.4万,FURYUEE旗舰店
https://img.pddpic.com/gaudit-image/2022-12-20/3a7d85944c86cc039125cf61a056a749.jpeg,【包邮】当天发【可防奥密克戎】KN95防病毒一次性口罩透气四层加厚熔喷布,价格：129.90元,券后价：39.90元,商品链接：https://p.pinduoduo.com/frHni8RB,销量561,全品屋日用品旗舰店
https://img.pddpic.com/gaudit-image/2022-12-16/b154398f799b250ae863ddbf84fbb35d.jpeg,【包邮】张家界耙耙小柑橘子柑橘水果生鲜崭谭锹柑非沃柑5斤装包邮【5天内发货】,价格：17.90元,券后价：12.90元,商品链接：https://p.pinduoduo.com/otrnbChn,销量2457,肥婷水果生鲜专营店
https://img.pddpic.com/gaudit-image/2022-12-23/3fc081d0e77f4edc4eb7a5b40eb6d712.jpeg,【包邮】【防疫常备】75%酒精喷雾家庭装母婴可用消毒水防病毒【5天内发货】,价格：29.90元,券后价：15.90元,商品链接：https://p.pinduoduo.com/oPdn9ExX,销量1.4万,人仁和匠心个人护理旗舰店
https://img.pddpic.com/gaudit-image/2022-10-22/7d2b4b1d18054eec6469741e18fc6f3e.jpeg,【包邮】玛呖德紫米酥松吐司面包1000g三明治乳酪夹心早餐批发解馋小零食,价格：26.90元,券后价：19.90元,商品链接：https://p.pinduoduo.com/cO8ABY7n,销量2.4万,玛呖德食品旗舰店
https://img.pddpic.com/gaudit-image/2022-05-11/ef9be21e2bf505f4d3e8429f7494effe.jpeg,【包邮】无穷海盐/蜂蜜鹌鹑蛋礼盒40只儿童零食早餐卤蛋卤味休闲网红小吃,价格：29.70元,券后价：26.70元,商品链接：https://p.pinduoduo.com/HLOnyOR7,销量5万,无穷食品官方旗舰店
https://img.pddpic.com/gaudit-image/2022-12-19/fd483dbda37ab9cbb4232fae9c07bae6.jpeg,【包邮】现货次氯酸消毒液杀菌家用可喷雾免洗室内除菌抑菌5L发货量大延迟【7天内发货】,价格：47.90元,券后价：37.90元,商品链接：https://p.pinduoduo.com/IrOnFquk,销量4836,悠印YIOYERNE官方旗舰店
https://img.pddpic.com/gaudit-image/2022-11-20/68376691296b990f397fcb4c8579979e.jpeg,【包邮】Uchino/内野袜子男秋冬中筒袜加绒加厚保暖毛圈袜子男士冬款长筒,价格：26.80元,券后价：16.80元,商品链接：https://p.pinduoduo.com/vkFnFGvN,销量1.5万,内野星闪耀专卖店
https://img.pddpic.com/gaudit-image/2022-11-30/f3a1296fdca0468b71404ff704a802ff.jpeg,【包邮】法兰绒睡裤女秋冬款新款纯色珊瑚绒加厚仙女暖暖裤冬季家居裤加绒,价格：19.90元,券后价：10.90元,商品链接：https://p.pinduoduo.com/AbnAgTEt,销量1585,情千金旗舰店
https://img.pddpic.com/gaudit-image/2022-12-20/65dd98f776c05bbaa9b9d42b52a58798.jpeg,【包邮】大卷垃圾袋家用袋手提垃圾袋加厚彩色断点式厨房家用自动收口,价格：21.90元,券后价：10.90元,商品链接：https://p.pinduoduo.com/TOOnTNkX,销量3557,强翔家居生活专营店
https://img.pddpic.com/gaudit-image/2022-03-20/2b276037de8c8adcd18c5948ef437c5d.jpeg,【包邮】食族人爆肚粉重庆正宗150g桶装酸辣粉非油炸红薯粉夜宵网红速食,价格：58.80元,券后价：38.80元,商品链接：https://p.pinduoduo.com/Aq0nT757,销量6.5万,食族人食品专卖店
https://img.pddpic.com/gaudit-image/2022-11-25/6c8d555c8babe184f75982c54b8e6a42.jpeg,【包邮】ROOPY润培护手霜秋冬季滋润补水保湿防干裂持久留香不黏腻旗舰店,价格：22.90元,券后价：18.90元,商品链接：https://p.pinduoduo.com/sJBnFHhL,销量10万+,ROOPY润培官方旗舰店
https://img.pddpic.com/gaudit-image/2021-10-09/d9d45a7c5aee531138eae6173a71809d.jpeg,【包邮】有友泡椒凤爪鸡爪多口味鸡爪休闲解馋小零食70g网红爆款零食,价格：19.90元,券后价：18.90元,商品链接：https://p.pinduoduo.com/lKDnbUYs,销量3.1万,有友食品旗舰店
https://img.pddpic.com/gaudit-image/2022-11-10/5bdb2d477601b97258902352996a341b.jpeg,【包邮】猫人袜子女纯色棉袜中长筒秋冬厚款日系无骨堆堆袜黑色女士长棉袜,价格：20.93元,券后价：12.93元,商品链接：https://p.pinduoduo.com/61pnvUxL,销量1.3万,猫人经典MIIOW CLASSIC袜子旗舰店
https://img.pddpic.com/gaudit-image/2022-12-21/53370c957c4c6ba5964f40ac36df7feb.jpeg,【包邮】【现货】kn95口罩一次性防护用品防病菌防飞沫男女潮款4层,价格：69.90元,券后价：58.90元,商品链接：https://p.pinduoduo.com/9OBnmsea,销量1.3万,辰时家居生活馆
https://img.pddpic.com/gaudit-image/2022-08-25/903e77cc069b1abb91cebb55e45ea1d7.jpeg,【包邮】脆升升香脆薯条200g(20g*10包)小袋散装办公零食休闲批发薯脆生生,价格：17.90元,券后价：13.90元,商品链接：https://p.pinduoduo.com/6bOnvdJI,销量10万+,脆升升食品官方旗舰店
https://img.pddpic.com/gaudit-image/2022-12-11/b4c677edb10ea45fc80899fcf7da63fc.jpeg,【包邮】日本叮叮滋润皴裂膏护足霜补水保湿去死皮防干燥手足起皮口干裂,价格：49.90元,券后价：19.90元,商品链接：https://p.pinduoduo.com/Xm4nmt61,销量5904,RIBENDINGDING官方旗舰店
https://img.pddpic.com/gaudit-image/2022-12-15/d9667dec5c80ddf942d45eae45b7b376.jpeg,【包邮】深谷溪田维生素C咀嚼片橙子味儿童成人中老年男女复合含片c【15天内发货】,价格：39.90元,券后价：19.90元,商品链接：https://p.pinduoduo.com/xSTnQvLz,销量493,深谷溪田官方旗舰店
https://img.pddpic.com/gaudit-image/2022-09-30/ec6b1abdd7da9493bd80a137f87da4a2.jpeg,【包邮】Colorkey珂拉琪唇釉空气哑光口红小众品牌女学生款平价大牌正品,价格：29.90元,券后价：18.90元,商品链接：https://p.pinduoduo.com/XQHnctjY,销量1.1万,COLORKEY彩妆旗舰店
https://img.pddpic.com/gaudit-image/2022-12-12/6cff2e8a47c9f8d6c6f21104d9861ab0.jpeg,【包邮】清风抽纸原木纯品家用实惠装面纸巾餐巾纸卫生纸抽3层130抽6包装,价格：19.90元,券后价：9.90元,商品链接：https://p.pinduoduo.com/DX3nrfDb,销量2490,乐享生活家居专营店
https://t00img.yangkeduo.com/goods/images/2021-06-17/4b7dd330281f135fd62dbc646cbee333.jpeg,【包邮】尔木葡星动12支化妆刷套装全套沧州散粉刷腮红刷眼影刷子化妆工具,价格：25.80元,券后价：18.80元,商品链接：https://p.pinduoduo.com/fqWABXFC,销量10万+,HBV美妆官方旗舰店
https://img.pddpic.com/gaudit-image/2022-08-09/f71b4766908bc1db3283b4f0fff7d6fb.jpeg,【包邮】巧乐思松露形黑巧克力桶装休闲零食礼包生日礼物送女友糖果批发【15天内发货】,价格：14.90元,券后价：13.90元,商品链接：https://p.pinduoduo.com/ipkn9tlO,销量5681,巧乐思食品旗舰店
https://img.pddpic.com/gaudit-image/2022-03-23/951c96d4c5bd78ccde8e1502c573e22e.jpeg,【包邮】良品铺子虎皮蛋糕500g整箱装芝士夹心软蛋糕面包网红零食早餐,价格：22.90元,券后价：16.90元,商品链接：https://p.pinduoduo.com/6rnncvxY,销量1428,良品铺子蛋糕官方旗舰店
https://img.pddpic.com/gaudit-image/2022-11-14/270599f12571f03b0d7fd8a08a348f80.jpeg,【包邮】6杯装海福盛营养早餐粥猛料速食冻干粥冲泡早饭养胃免煮即食食品,价格：16.90元,券后价：12.90元,商品链接：https://p.pinduoduo.com/bIjAgTbW,销量7.6万,海福盛官方旗舰店
https://t00img.yangkeduo.com/goods/images/2020-05-27/27dc7eb43f654ceb8feceaca48923312.jpeg,【包邮】浙梅大西梅(单颗粒)-网红推荐休闲进口孕妇小吃零食话梅,价格：21.90元,券后价：19.90元,商品链接：https://p.pinduoduo.com/HbvnczDi,销量6.3万,浙梅食品旗舰店
https://img.pddpic.com/gaudit-image/2022-12-05/be89888362ec9899f77161d46143bec7.jpeg,【包邮】RIO锐澳微醺预调鸡尾酒330ml*10罐RIO一整箱低度果酒微醺少女洋酒,价格：111.90元,券后价：43.90元,商品链接：https://p.pinduoduo.com/SKeAC2Zx,销量2.1万,RIO锐澳路易福森专卖店
https://img.pddpic.com/gaudit-image/2022-09-29/796d0e2ded55cb735c870e8ddb6b60eb.jpeg,【包邮】植护婴儿洗衣液大瓶学生宿舍留香香味持久内衣裤专用清洗液家庭装,价格：23.90元,券后价：14.90元,商品链接：https://p.pinduoduo.com/xGinyedo,销量2.4万,植护母婴旗舰店
https://img.pddpic.com/gaudit-image/2022-10-28/99cd5e7646d6e4ba5480d90065bffbb0.jpeg,【包邮】蒸气眼罩去黑眼圈眼袋缓解眼部疲遮光保护视力护眼发热热敷眼罩,价格：28.99元,券后价：15.99元,商品链接：https://p.pinduoduo.com/vIWnc1SX,销量1124,逗咪兔忆昔良品专卖店
https://img.pddpic.com/gaudit-image/2022-10-26/18cf92356268184c799d308ea44c8a5a.jpeg,【包邮】食族人酸辣粉6桶装锅巴酸菜粉纯红薯粉丝重庆正宗酸辣粉宿舍速食,价格：25.80元,券后价：22.80元,商品链接：https://p.pinduoduo.com/oriACXsE,销量7.4万,食族人食品专卖店
https://img.pddpic.com/gaudit-image/2022-09-06/36b5cc5eeb36eefe39449d9a1cf52695.jpeg,【包邮】颐莲玻尿酸补水喷雾女舒缓保湿爽肤水化妆水护肤水定妆官方旗舰店,价格：138.00元,券后价：69.00元,商品链接：https://p.pinduoduo.com/vgPAE4kE,销量1.9万,颐莲护肤官方旗舰店
https://img.pddpic.com/gaudit-image/2022-07-06/e8d092e27c192241faf41f80c4d4cdbb.jpeg,【包邮】mikibobo除菌液日本原装进口手部皮肤宠物等多用途消毒500ml /瓶【10天内发货】,价格：29.90元,券后价：16.90元,商品链接：https://p.pinduoduo.com/HbTnczDc,销量3.6万,mikibobo旗舰店
https://img.pddpic.com/gaudit-image/2022-07-16/7201778942cca49c7a0d6fd22056b00f.jpeg,【包邮】盐津铺子辣卤零食大礼包8种约30包休闲食品网红零食宵夜儿童零食,价格：29.90元,券后价：9.90元,商品链接：https://p.pinduoduo.com/XptAhGY6,销量10万+,盐津铺子母婴旗舰店
https://img.pddpic.com/gaudit-image/2022-12-15/42b053ecec3d64668d0b5cccf7a48c77.jpeg,【包邮】【辛小然推荐】唯遇肉松海苔沙琪玛松香软糯袋装早餐休闲食品零食【6天内发货】,价格：19.90元,券后价：9.90元,商品链接：https://p.pinduoduo.com/XkDnyVGA,销量1167,凯利来休闲食品专营店
https://img.pddpic.com/gaudit-image/2022-11-10/5bdb2d477601b97258902352996a341b.jpeg,【包邮】猫人袜子女纯色棉袜中长筒秋冬厚款日系无骨堆堆袜黑色女士长棉袜,价格：20.93元,券后价：12.93元,商品链接：https://p.pinduoduo.com/fr6ni8Yk,销量1.3万,猫人经典MIIOW CLASSIC袜子旗舰店
https://img.pddpic.com/gaudit-image/2022-12-09/853a1958c05da9a0fbe0c19f1f82aacb.jpeg,【包邮】罗蒙男士加绒裤子特厚羊羔绒裤子新款男士保暖裤外穿中老年男裤09,价格：98.90元,券后价：36.90元,商品链接：https://p.pinduoduo.com/iQlnx9F1,销量1525,罗蒙符织专卖店
https://img.pddpic.com/gaudit-image/2022-05-30/5bfdccec45b0b38213c1c441a69bb937.jpeg,【包邮】敷尔佳白膜医用敷料术后皮肤修复减轻瘢痕轻中度痤疮创面愈合2片,价格：59.80元,券后价：19.80元,商品链接：https://p.pinduoduo.com/vdBn1fVz,销量10万+,敷尔佳官方旗舰店
https://img.pddpic.com/gaudit-image/2022-12-15/4c098e37652e1e684ba8fa4c3ae38434.jpeg,【包邮】贝因美医用级75%度酒精消毒湿巾大包家用小学生杀菌抑菌婴儿童,价格：27.90元,券后价：17.90元,商品链接：https://p.pinduoduo.com/11KAE6PR,销量1.8万,贝因美母婴生活用品旗舰店
https://img.pddpic.com/gaudit-image/2022-12-20/e63bbb02e4109ffffd729e1cba24b581.jpeg,【包邮】当天发【可防奥密克戎】KN95防病毒一次性口罩透气四层加厚熔喷布,价格：129.90元,券后价：39.90元,商品链接：https://p.pinduoduo.com/OK6nCf00,销量4247,全品屋日用品旗舰店
https://img.pddpic.com/gaudit-image/2022-12-02/0bbb85b061de4c3dbe593ab1005e48b9.jpeg,【包邮】开心果原味无添加正宗大颗粒开心果批发高档罐装坚果五香孕妇零食,价格：22.80元,券后价：10.80元,商品链接：https://p.pinduoduo.com/cSsncrvy,销量9117,静好食品专营店
https://img.pddpic.com/gaudit-image/2022-11-26/dda9b886df9e5ba4a8bdc979a89c72eb.jpeg,【包邮】儿童皮面防水棉鞋冬季卡通男童女童防滑保暖小孩子宝宝包跟棉拖鞋,价格：15.90元,券后价：9.90元,商品链接：https://p.pinduoduo.com/bGonvTds,销量3202,遇见宁母婴官方旗舰店
https://img.pddpic.com/gaudit-image/2022-12-01/b0fffd5316fcad1671bbb2311a0b126f.jpeg,【包邮】幸棉安心裤夜用裤型卫生巾安睡裤女生经期生理姨妈巾防侧漏夜安裤,价格：22.90元,券后价：12.90元,商品链接：https://p.pinduoduo.com/XQInctOn,销量4.5万,幸棉官方旗舰店
https://img.pddpic.com/gaudit-image/2022-12-15/34ea71e069617028f1cbd1d583a53f58.jpeg,【包邮】挡风被加厚挡风被2023年新款可爱特厚网红防冻,价格：35.99元,券后价：19.99元,商品链接：https://p.pinduoduo.com/Fdzncfpi,销量82,雪钰儿挡风被
https://img.pddpic.com/gaudit-image/2022-10-31/88349acfc2c649c91db98b3389c22da1.jpeg,【包邮】玛呖德紫米酥松吐司面包1000g三明治乳酪夹心早餐批发解馋小零食,价格：22.90元,券后价：19.90元,商品链接：https://p.pinduoduo.com/vQvAEulp,销量9万,玛呖德官方旗舰店
https://img.pddpic.com/gaudit-image/2022-11-12/5e2a06bca5d2093f255784b4b88406d9.jpeg,【包邮】珊瑚绒袜子女秋冬季加绒加厚睡眠袜地板袜防寒保暖中筒袜月子袜,价格：12.90元,券后价：9.90元,商品链接：https://p.pinduoduo.com/oYAnFphd,销量1.8万,花丫波官方旗舰店
https://img.pddpic.com/gaudit-image/2022-11-02/c3e956f1f4d93d8c50c27fa907e9650a.jpeg,【包邮】麦当劳10选1套餐吉士堡鸡排麦香鸡薯条可乐 全国通用兑换码,价格：20.90元,券后价：19.90元,商品链接：https://p.pinduoduo.com/V6NAEfuY,销量1.1万,梦澄生活服务专营店
https://img.pddpic.com/gaudit-image/2022-12-08/6a9280aecff6e15f58d320a5dcb5e842.jpeg,【包邮】正宗贵州贵阳修文猕猴桃官方旗舰店弥猴桃水果当季整箱即食礼盒装,价格：22.80元,券后价：11.80元,商品链接：https://p.pinduoduo.com/xbZniYC5,销量10万+,满公宝食品生鲜官方旗舰店
https://img.pddpic.com/gaudit-image/2022-12-13/be8289fe991cc3851851528c7a0a26cc.jpeg,【包邮】BEGGI鼻精灵通鼻贴通鼻神器通气鼻贴儿童大人鼻塞感冒贴鼻贴【7天内发货】,价格：34.50元,券后价：24.50元,商品链接：https://p.pinduoduo.com/XBrABTnp,销量3586,BEGGI鼻精灵母婴旗舰店
https://img.pddpic.com/gaudit-image/2022-12-19/252ace7bfdc07b2f760d7f4011c6effe.jpeg,【包邮】当天发【可防奥密克戎】KN95防病毒一次性口罩透气升级加厚熔喷布,价格：129.90元,券后价：39.90元,商品链接：https://p.pinduoduo.com/61YnvU1Z,销量1019,全品屋日用品旗舰店
https://img.pddpic.com/gaudit-image/2022-12-06/9163ada365c0448c5086ba630b5fb2a3.jpeg,【包邮】江中维C含片维生素c美白学生咀嚼片甜橙味复合成人美白非泡腾片,价格：45.90元,券后价：39.90元,商品链接：https://p.pinduoduo.com/c5HAgb2h,销量1万,江中食品旗舰店
https://img.pddpic.com/gaudit-image/2022-12-14/e9efe70961b551dbdf255b2a8363d1c3.jpeg,【包邮】米蓓尔蓝绷带涂抹面膜女补水保湿泥膜提亮修护舒缓紧致华熙生物,价格：35.90元,券后价：25.90元,商品链接：https://p.pinduoduo.com/lsZnXl1P,销量4.9万,MedRepair米蓓尔官方旗舰店
https://img.pddpic.com/gaudit-image/2022-06-15/20d325f4b4b0e04e5ec8eb794ed5d1b4.jpeg,【包邮】【推荐】滋源无硅油无患子洗发水护发素控油柔顺洗头膏男女士正品,价格：29.60元,券后价：26.60元,商品链接：https://p.pinduoduo.com/0sYAgsWw,销量10万+,滋源美发旗舰店
https://img.pddpic.com/gaudit-image/2022-09-03/144a07923d2b04aac6c16df02c3da722.jpeg,【包邮】【两支装】尔木萄极细流星眉笔细头超细防汗不掉色持久不易晕染,价格：19.90元,券后价：15.90元,商品链接：https://p.pinduoduo.com/cSMncrvS,销量1.2万,尔木萄黑马专卖店
https://img.pddpic.com/gaudit-image/2021-10-19/5b0abfd386d85d36ec624ce0a4b23778.jpeg,【包邮】泓一千层软撕面包大波浪蛋奶夹心面包休闲零食网红爆款糕点整箱H,价格：34.90元,券后价：29.90元,商品链接：https://p.pinduoduo.com/45anT4v2,销量4.3万,泓一好德糕点专营店
https://img.pddpic.com/gaudit-image/2022-12-20/8d865923cad774e15f60c75dd79da422.jpeg,【包邮】【防疫常备】食品级次氯酸消毒液小瓶便携次氯酸消毒医用家用正品【5天内发货】,价格：49.90元,券后价：19.90元,商品链接：https://p.pinduoduo.com/0sYAgsWY,销量4485,人仁和匠心个人护理旗舰店
https://img.pddpic.com/gaudit-image/2022-12-12/3318c7df9b234bbd48b8170fddeea8a2.jpeg,【包邮】莫小仙自热小火锅麻辣嫩牛毛血旺即食自热火锅方便速食宿舍整箱,价格：34.90元,券后价：27.90元,商品链接：https://p.pinduoduo.com/jXUnrQmJ,销量6946,莫小仙食品旗舰店
https://img.pddpic.com/gaudit-image/2022-12-21/42a5a1d191e91779e321775696937e8e.jpeg,【包邮】【可防奥密克戎】鱼嘴型KN95口罩4层加厚3d立体一次性抗病毒防尘,价格：69.90元,券后价：59.90元,商品链接：https://p.pinduoduo.com/21DnmIMD,销量115,星辰万里百货铺
https://img.pddpic.com/gaudit-image/2022-10-07/8026e2bc8cccdd75404ae9e0d2f6270c.jpeg,【包邮】江志忠原味五香牛肉干38g 四川特产藤椒麻辣牛肉网红休闲零食小吃,价格：36.80元,券后价：26.80元,商品链接：https://p.pinduoduo.com/Osen4Zz8,销量2.9万,江志忠旗舰店
https://img.pddpic.com/gaudit-image/2022-05-09/7b2511fb4a4a24fe7bf2c9f731bb884a.jpeg,【包邮】巧媳妇金标生抽酱油1.3L大桶装炒菜卤炖调馅味极鲜酱油调味品,价格：30.90元,券后价：16.90元,商品链接：https://p.pinduoduo.com/cI1naZX9,销量2.3万,巧媳妇食品旗舰店
https://img.pddpic.com/gaudit-image/2022-11-15/e230029bdb31a96a9061e1f941a2d92b.jpeg,【包邮】【爆甜】云南特产天山雪莲果10斤新鲜水果脆甜黄心新鲜现挖水果,价格：14.90元,券后价：12.90元,商品链接：https://p.pinduoduo.com/xrVnbUC6,销量10万+,鲜仁源水果生鲜官方旗舰店
https://img.pddpic.com/gaudit-image/2022-12-21/789fd017646d3c59d92b6df834cb3279.jpeg,【包邮】【现货速发】N95口罩含熔喷布可防病毒成人五层立体防尘防飞沫,价格：49.90元,券后价：29.90元,商品链接：https://p.pinduoduo.com/nb2naNye,销量2035,欣益盛家居
https://img.pddpic.com/gaudit-image/2022-07-25/bcc04a176b1ea4c0fa8ca4445fe2370f.jpeg,【包邮】花王乐而雅卫生巾零触感日用全尺码超值组合迷你日用姨妈巾,价格：42.90元,券后价：18.90元,商品链接：https://p.pinduoduo.com/XGGnv3Gz,销量10万+,乐而雅官方旗舰店
https://img.pddpic.com/gaudit-image/2022-11-08/ee70bfd4132e2bea3e346124668af49c.jpeg,【包邮】好人家手工牛油火锅底料400g*4袋 四川麻辣火锅底料 麻辣烫冒菜料,价格：79.90元,券后价：59.90元,商品链接：https://p.pinduoduo.com/1tenQHyv,销量422,好人家旗舰店
https://img.pddpic.com/gaudit-image/2022-12-12/7eff3e9e64e9492b327a2c9178adf817.jpeg,【包邮】养生堂维生素c咀嚼片300粒大份量装美白学生vc增强免疫力增强体质,价格：79.00元,券后价：59.00元,商品链接：https://p.pinduoduo.com/yp4AgN1l,销量8304,养生堂傲京专卖店
https://img.pddpic.com/gaudit-image/2022-03-14/2b120c7bc0b312f246f8ceb3c48530eb.jpeg,【包邮】湿厕纸擦屁屁成人灭菌清洁除菌湿巾湿厕巾家庭装40抽*4包可冲马桶,价格：24.90元,券后价：18.90元,商品链接：https://p.pinduoduo.com/vntnrqMR,销量10万+,SO FREE母婴旗舰店
https://img.pddpic.com/gaudit-image/2022-11-18/a66836257b35a0fab435dc399eb839fa.jpeg,【包邮】小鹿妈妈牙线独立包装家庭装牙签牙线安全剔牙神器经典超细牙线棒,价格：30.90元,券后价：10.90元,商品链接：https://p.pinduoduo.com/9yInmirk,销量2.1万,小鹿妈妈口腔旗舰店
https://img.pddpic.com/gaudit-image/2022-12-14/0612a0c1292e9bdefe41d6c0e33f0109.jpeg,【包邮】林家铺子糖水黄桃罐头360g*6罐桃子水果罐头玻璃瓶装整箱零食包邮【10天内发货】,价格：69.90元,券后价：59.90元,商品链接：https://p.pinduoduo.com/o1An98xW,销量8449,林家铺子官方旗舰店
https://t00img.yangkeduo.com/goods/images/2021-02-19/af04e08ec812d622a9885cff970c00c2.jpeg,【包邮】春江泡椒去骨鸭掌15g*10脱骨鸭爪无骨鸭肉网红零食休闲即食品批发,价格：22.90元,券后价：21.90元,商品链接：https://p.pinduoduo.com/vaon4ggM,销量10万+,桂十八食品专营店
https://img.pddpic.com/gaudit-image/2022-12-20/0de0001aa752e7287ffc3ff75a5054ec.jpeg,【包邮】海天厨房组合上等耗油520g+玉米淀粉200g炒菜调味酱油家用提鲜,价格：10.90元,券后价：9.90元,商品链接：https://p.pinduoduo.com/v5qn4cpm,销量399,海天阿斯特专卖店
https://t00img.yangkeduo.com/goods/images/2021-05-27/35f3ee207287a23a1dcd35fa57eca065.jpeg,【包邮】法丽兹网红休闲早餐小零食巧克力夹心曲奇饼干礼盒送礼中秋大礼包,价格：69.80元,券后价：58.80元,商品链接：https://p.pinduoduo.com/Xm1nmtAF,销量8434,法丽兹食品官方旗舰店
https://img.pddpic.com/gaudit-image/2022-12-21/cc44eb74aa783983334b73113281329f.jpeg,【包邮】【现货48小时发货】200只N95口罩现货加厚五层成人一次性防病毒,价格：30.90元,券后价：29.90元,商品链接：https://p.pinduoduo.com/yyinahcR,销量1117,驭驾者康慈专卖店
https://img.pddpic.com/gaudit-image/2022-12-12/ec53849ada85f0b5c73e5fd5ac039647.jpeg,【包邮】椰谷鲜椰汁生榨2小时椰子汁椰奶网红饮料245g*10瓶整箱椰汁饮料,价格：49.99元,券后价：29.99元,商品链接：https://p.pinduoduo.com/dvDAESds,销量10万+,椰谷食品官方旗舰店
https://img.pddpic.com/gaudit-image/2022-10-07/31033be274c6777dda43cfb9721f2477.jpeg,【包邮】保山脆柿云南脆甜柿子水果次郎甜柿硬苹果日本糖心削皮2-9斤柿子,价格：19.80元,券后价：15.80元,商品链接：https://p.pinduoduo.com/2CPAgO8K,销量2708,滇老头水果生鲜旗舰店
https://img.pddpic.com/gaudit-image/2022-12-18/055512706dfd51764a6afb5ad492462d.jpeg,【包邮】诺梵松露巧克力网红年货送礼追剧解馋小零食大礼包散装糖果喜糖,价格：59.90元,券后价：39.90元,商品链接：https://p.pinduoduo.com/dzNnXnDQ,销量3535,诺梵旗舰店
https://img.pddpic.com/gaudit-image/2021-09-05/3235e194f24325f341a2aba08a2ac0a9.jpeg,【包邮】五谷磨房核桃芝麻黑豆粉600g/核桃芝麻桑葚代餐粥600g,价格：59.90元,券后价：39.90元,商品链接：https://p.pinduoduo.com/6ohna4CX,销量10万+,五谷磨房官方旗舰店
https://img.pddpic.com/gaudit-image/2022-11-07/831418aef33008405e75387310e001d6.jpeg,【包邮】达利园可比克薯片55g32g袋装大包整箱批发膨化食品新日期多种口味,价格：33.90元,券后价：32.90元,商品链接：https://p.pinduoduo.com/ynWnF6oS,销量674,休闲零食dil
https://img.pddpic.com/gaudit-image/2022-10-24/29da9fffd9bb0fd1af64b9f1325839d2.jpeg,【包邮】萌小白熔岩三角酥早餐代餐夹心巧克力味威化饼干网红零食小吃盒装,价格：16.90元,券后价：8.90元,商品链接：https://p.pinduoduo.com/xbZniYg8,销量1.1万,嚼爽食品旗舰店
https://img.pddpic.com/gaudit-image/2022-11-10/592557a4dcaf0adf1663097c6b89a294.jpeg,【包邮】中泰办公室迷你盒蜜饯话梅干葡萄干乌梅干乌梅果新鲜包邮混合6盒,价格：15.99元,券后价：8.99元,商品链接：https://p.pinduoduo.com/VM6nvP9N,销量3997,陌路春风小客栈
https://img.pddpic.com/gaudit-image/2022-09-09/6fc054fadb9e55b0755cc4468f9fb8dc.jpeg,【包邮】北月湾留心酥奶黄雪媚娘流心蛋黄酥面包网红办公室休闲零食包邮,价格：24.90元,券后价：14.90元,商品链接：https://p.pinduoduo.com/ILGnxKkb,销量10万+,北月湾食品旗舰店
https://img.pddpic.com/gaudit-image/2022-12-15/77462c51e441c52b7bfa5dbfb607d575.jpeg,【包邮】贝因美75%度医用级酒精消毒湿巾大包家用小学生杀菌抑菌婴儿童,价格：27.90元,券后价：17.90元,商品链接：https://p.pinduoduo.com/cnSnrVkN,销量2885,贝因美母婴生活用品旗舰店
https://img.pddpic.com/gaudit-image/2022-05-07/7f6dc9cabefdf56d8c82a365af0e474d.jpeg,【包邮】维达羊绒感纸巾棉韧奢柔压花无芯卷纸85节16/32卷,价格：26.90元,券后价：19.90元,商品链接：https://p.pinduoduo.com/6OrnyL9y,销量3.2万,维达居家生活专营店
https://t00img.yangkeduo.com/goods/images/2020-08-09/b01437b11444a392aed0c02c5727ebb3.jpeg,【包邮】【松姑娘】奶油大颗粒碧根果长寿果袋装总重500g/100g坚果零食,价格：28.80元,券后价：23.80元,商品链接：https://p.pinduoduo.com/953nXews,销量2万,松姑娘旗舰店
https://img.pddpic.com/gaudit-image/2022-10-14/f1aa760a85d4e9ac577dc79c13ab2f6f.jpeg,【包邮】【保质期14-15个月】Lindt瑞士莲冰山雪融巧克力175g24粒圣诞礼物,价格：99.00元,券后价：62.00元,商品链接：https://p.pinduoduo.com/FOen9TLG,销量1242,Lindt瑞士莲巧克力官方旗舰店
https://img.pddpic.com/gaudit-image/2022-07-09/790f6bfbc693ddb12d07072dcf1e4f2a.jpeg,【包邮】白象火鸡面5连包多口味火鸡面超辣干拌面速食方便面整箱批发包邮【1月15日发完】,价格：16.90元,券后价：11.90元,商品链接：https://p.pinduoduo.com/djcnI4pQ,销量729,白象妙果专卖店
https://img.pddpic.com/gaudit-image/2022-12-01/46c3f9ef524a84a661f4e2dd809e5673.jpeg,【包邮】日本小林衣飞扬洗内衣内裤洗衣液女性专用去血渍杀菌日本清洗液,价格：33.90元,券后价：13.90元,商品链接：https://p.pinduoduo.com/oMhnbCgx,销量2.4万,衣飞扬旗舰店
https://img.pddpic.com/gaudit-image/2022-04-02/637cc46afa5e0407ca0067f34b706faf.jpeg,【包邮】宏途蛋皮奶心吐司早餐夹心软面包网红速食代餐整箱批发手撕面包,价格：21.90元,券后价：15.90元,商品链接：https://p.pinduoduo.com/4YKnx7qs,销量10万+,宏途食品旗舰店
https://img.pddpic.com/gaudit-image/2022-10-02/e34faecfbff7ecbfcad01ee7fcd184ff.jpeg,【包邮】ud牛郎织女单色眼影斐妈春晚同款珠光细闪爆闪亮晶晶眼影盘,价格：64.28元,券后价：63.28元,商品链接：https://p.pinduoduo.com/iwonmBbX,销量1.2万,Lanlan美妆
https://img.pddpic.com/gaudit-image/2022-12-14/7727b47400a72fe6a811f755c818d43e.jpeg,【包邮】酒精消毒湿巾酒精75度医用棉片独立包装湿纸巾成人杀菌学生免洗手,价格：32.90元,券后价：26.90元,商品链接：https://p.pinduoduo.com/HPMnm3Q3,销量3311,碧c旗舰店
https://img.pddpic.com/gaudit-image/2022-11-14/60fd0e2a063f91cfb65b33dfc8e4a2b8.jpeg,【包邮】素士电动牙刷X3U梵高联名版超声波全自动充电式软毛防水成人家用,价格：216.00元,券后价：166.00元,商品链接：https://p.pinduoduo.com/1b8niG6u,销量1312,素士个人护理旗舰店
https://img.pddpic.com/gaudit-image/2022-12-10/301de013246de86435c89cbc333f70d4.jpeg,【包邮】张家界耙耙小柑橘子柑橘水果生鲜崭谭锹柑非沃柑5斤装包邮【5天内发货】,价格：18.90元,券后价：12.90元,商品链接：https://p.pinduoduo.com/2AenQLsc,销量7454,惹巴娃子食品官方旗舰店
https://img.pddpic.com/gaudit-image/2021-12-10/f635f4c261c73935db05c8bf179ad5bb.jpeg,【包邮】七度空间卫生巾日用夜用组合丝柔超薄透气干爽学生姨妈巾整箱批发,价格：45.90元,券后价：24.90元,商品链接：https://p.pinduoduo.com/6rxncvIr,销量2.2万,七度空间官方旗舰店
https://img.pddpic.com/gaudit-image/2022-11-09/ca8764532c9c8fe0e77f01aa9519ed80.jpeg,【包邮】适用荣耀8平板触控笔V7pro触屏笔V7电容笔Magic-pencil通用手写笔,价格：83.30元,券后价：72.30元,商品链接：https://p.pinduoduo.com/ITkn1tv9,销量10万+,爱派数码店
https://img.pddpic.com/gaudit-image/2022-09-19/be3ce5094fe1f5d653ad6803725a2ffd.jpeg,【包邮】特大码300斤秋冬季加绒休闲裤男潮流宽松束脚百搭运动裤潮ins卫裤,价格：23.92元,券后价：22.92元,商品链接：https://p.pinduoduo.com/SK8AC2Rs,销量1597,陈小海的商铺
https://img.pddpic.com/gaudit-image/2022-06-20/51d7f6fd2b759329de0c3b193c8e6a73.jpeg,【包邮】良品铺子岩h乳酪吐司500g早餐食品代餐面包整箱网红零食蛋糕,价格：26.90元,券后价：14.90元,商品链接：https://p.pinduoduo.com/xScnQvNw,销量1.3万,良品铺子食品保健官方旗舰店
https://img.pddpic.com/gaudit-image/2022-06-10/bf9da75615b5a5f16eb2c16c726aea7a.jpeg,【包邮】华为mate40rs保时捷典藏版手机壳40Epro全包边高档超薄真皮5g新款,价格：36.63元,券后价：35.63元,商品链接：https://p.pinduoduo.com/AjCAEquc,销量79,麦立酷数码旗舰店
https://t00img.yangkeduo.com/goods/images/2020-11-06/208bff987f545ac7a65449d90c5d4228.jpeg,【包邮】韩国新款女士皮带休闲镂空简约百搭细腰带女款秋复古潮流牛仔裤带,价格：17.90元,券后价：12.90元,商品链接：https://p.pinduoduo.com/mD1nvcTV,销量3663,金华瑞腾皮具
https://img.pddpic.com/gaudit-image/2022-12-20/4843fa8bab270e103b9ec645b068be41.jpeg,【包邮】当天发【可防奥密克戎】KN95防病毒一次性口罩透气升级加厚熔喷布,价格：129.90元,券后价：39.90元,商品链接：https://p.pinduoduo.com/TOWnTNZJ,销量1330,全品屋日用品旗舰店
https://img.pddpic.com/gaudit-image/2022-12-13/3f409d132f2c0a2b2020ff817f786e7a.jpeg,【包邮】鼻精灵BEGGI大象鼻塞喷雾生理性盐水儿童鼻腔喷雾洗鼻器婴儿鼻喷【10天内发货】,价格：44.00元,券后价：38.00元,商品链接：https://p.pinduoduo.com/bd5nac37,销量10万+,BEGGI鼻精灵母婴旗舰店
https://img.pddpic.com/gaudit-image/2022-09-22/46c40952f05e0e578eff2ac844522180.jpeg,【包邮】水具套装沙拉碗太阳花碗六只装牛奶碗吃饭碗水果沙拉碗精美玻璃碗,价格：18.90元,券后价：8.90元,商品链接：https://p.pinduoduo.com/DFLn4Ydf,销量464,蝴蝶兰居家日用专营店
https://img.pddpic.com/gaudit-image/2022-11-13/aa598d83a7fd47ff63226d06c7d2a51a.jpeg,【包邮】良品铺子年货坚果礼盒1440g零食大礼包混合干果夏威夷果板栗送礼,价格：59.00元,券后价：44.00元,商品链接：https://p.pinduoduo.com/FITAgLo6,销量2.8万,良品铺子官方旗舰店
https://img.pddpic.com/gaudit-image/2022-12-17/2754aa0786d290f85f4a74020832a812.jpeg,【包邮】【现货急速发】75%医用酒精喷雾消毒杀菌家用免洗防疫乙醇消毒液,价格：45.90元,券后价：25.90元,商品链接：https://p.pinduoduo.com/xg6nbP5m,销量207,好幸运美妆优品
https://t00img.yangkeduo.com/goods/images/2020-07-09/481010db7f7cb41e496b7b2d24bff67a.jpeg,【包邮】黑色毛呢短裙女秋冬新款高腰显瘦包臀裙防走光A字半身裙百搭包裙,价格：29.90元,券后价：28.90元,商品链接：https://p.pinduoduo.com/nt4nXGwC,销量6.8万,茜茜女装专营店
https://img.pddpic.com/gaudit-image/2022-12-13/a8b868abd4ed170c8b82e96c97cd39ea.jpeg,【包邮】罗蒙连帽棉衣男冬季加厚保暖外套韩版潮流休闲羽绒棉服新款,价格：169.90元,券后价：69.90元,商品链接：https://p.pinduoduo.com/DvUn9hxN,销量215,宛科服饰专营店
https://img.pddpic.com/gaudit-image/2022-11-16/31dbc5bae351e221ab3df0344214df8a.jpeg,【包邮】秀峰香厚切奶香吐司450g整箱装手撕面包营养早餐零食减脂代餐,价格：14.90元,券后价：8.90元,商品链接：https://p.pinduoduo.com/mwjn9i96,销量1.6万,秀峰香旗舰店
https://img.pddpic.com/gaudit-image/2022-10-12/fd49555b43b0c37d44607219fa730dea.jpeg,【包邮】小浣熊儿童柔润保湿霜婴幼儿面霜宝宝润肤乳秋冬滋润补水护肤用品,价格：29.80元,券后价：18.80元,商品链接：https://p.pinduoduo.com/ACCnyoEQ,销量10万+,小浣熊右岸专卖店
https://img.pddpic.com/gaudit-image/2022-11-21/9a8cb29ad52204c45f3611e6d6fb5f51.jpeg,【包邮】Fanci范琦月下流星项链女925纯银时尚网红气质闺蜜锁骨链小众礼物,价格：101.97元,券后价：95.97元,商品链接：https://p.pinduoduo.com/IdHAChTK,销量1.1万,FANCI范琦官方旗舰店
https://img.pddpic.com/gaudit-image/2022-08-08/e17108c10b154b24dc63dee6adcf4630.jpeg,【包邮】完美日记柔焦控油妆前乳控油妆前隔离持久定妆控油清爽磨皮粉底,价格：35.90元,券后价：34.90元,商品链接：https://p.pinduoduo.com/0C3AEgcP,销量9774,完美日记美妆专卖店
https://img.pddpic.com/gaudit-image/2022-07-29/292295dd65f99756346481f39c7e3875.jpeg,【包邮】大希地火山石烤肠台湾纯地道热狗火山炙肉肠黑椒家用香肠508g,价格：29.90元,券后价：18.90元,商品链接：https://p.pinduoduo.com/VzpnxnZq,销量1.1万,大希地官方旗舰店
https://img.pddpic.com/gaudit-image/2022-12-02/fb3dcd45e308b8bc9a298bc567df2e04.jpeg,【包邮】广西沃柑 大果爆汁新鲜清甜爽口 现摘武鸣果园直发 新鲜广西水果【3天内发货】,价格：29.90元,券后价：24.90元,商品链接：https://p.pinduoduo.com/X0in4H3b,销量2277,同柑一起同柑专卖店
https://img.pddpic.com/gaudit-image/2022-10-26/8fe88eb083fcf06671ab550a9739126f.jpeg,【包邮】【新品】百事乐事大米锅巴100g*3/6/9袋休闲办公小零食各式各样,价格：25.90元,券后价：15.90元,商品链接：https://p.pinduoduo.com/SqmAgZel,销量2963,乐事靓熠专卖店
https://img.pddpic.com/gaudit-image/2022-12-22/4515a212e0cdc8899c870374ade2e522.jpeg,【包邮】猪小肠衣灌肠家用食品级做香肠装香肠腊肠干肠肉肠衣批发灌肠工具,价格：10.90元,券后价：9.90元,商品链接：https://p.pinduoduo.com/ipZn9tOx,销量10万+,厨格调官方旗舰店
https://img.pddpic.com/gaudit-image/2022-12-21/d021456cdd86fcf8e262b7354aa8567a.jpeg,【包邮】防疫专用次氯酸消毒液喷雾食品级安全孕婴可用家庭便携装消毒水【5天内发货】,价格：49.90元,券后价：24.90元,商品链接：https://p.pinduoduo.com/VjXnTYXl,销量846,人仁和匠心个人护理旗舰店
https://img.pddpic.com/gaudit-image/2022-10-25/89f12f82d76ef635a1405495c15d523c.jpeg,【包邮】Avon/雅芳地球女人喷雾香水50ML长时间花香持久清新花果调学生,价格：79.00元,券后价：78.00元,商品链接：https://p.pinduoduo.com/oYAnFpCu,销量21,雅芳亿麟专卖店
https://t00img.yangkeduo.com/goods/images/2021-03-12/fd554304ece924c986a6ca47a57747b6.jpeg,【包邮】医用级指夹式血氧仪检测脉搏血氧饱和度家用心脉心率血氧监测仪,价格：61.55元,券后价：60.55元,商品链接：https://p.pinduoduo.com/x1unxZQD,销量8928,新辉健康
https://img.pddpic.com/gaudit-image/2022-11-26/5b65be334a9aa58a99d678406d8639f9.jpeg,【包邮】新生儿宝宝男女婴儿连体衣冬装夹棉加厚保暖网红可爱洋气外出棉袄,价格：58.10元,券后价：51.10元,商品链接：https://p.pinduoduo.com/xOInrB6A,销量2083,萌宝乐园婴童服饰企业店
https://img.pddpic.com/gaudit-image/2022-12-15/42b053ecec3d64668d0b5cccf7a48c77.jpeg,【包邮】【辛小然推荐】唯遇肉松海苔沙琪玛松香软糯袋装早餐休闲食品零食【6天内发货】,价格：19.90元,券后价：9.90元,商品链接：https://p.pinduoduo.com/xLKnyeVB,销量1167,凯利来休闲食品专营店
https://img.pddpic.com/gaudit-image/2022-08-08/ee257a0c421343d3dabfae3c7cfc2d68.jpeg,【包邮】蒸汽眼罩缓解眼疲劳睡眠遮光热敷护眼去黑眼圈女自发热舒缓眼疲劳,价格：28.99元,券后价：15.99元,商品链接：https://p.pinduoduo.com/A1qn4MOL,销量5万,逗咪兔家居生活专营店
https://img.pddpic.com/gaudit-image/2022-08-04/f4f9d7d5abe086811d0bc3985bcfb78e.jpeg,【包邮】婴儿玩具音乐手风琴新生幼儿益智早教抓握6个月9宝宝1一2岁半婴儿,价格：23.60元,券后价：18.60元,商品链接：https://p.pinduoduo.com/dKiACKAN,销量2756,九方母婴玩具旗舰店
https://img.pddpic.com/gaudit-image/2022-12-22/c1ac446bd00a558d0f850ef4893d4574.jpeg,【包邮】【现货直发】大桶次氯酸消毒液杀菌家用可喷雾室内除菌除螨免手洗,价格：39.90元,券后价：38.90元,商品链接：https://p.pinduoduo.com/WMdnXhim,销量2302,雅靓洁日用品生活馆
https://img.pddpic.com/gaudit-image/2022-11-12/5e2a06bca5d2093f255784b4b88406d9.jpeg,【包邮】珊瑚绒袜子女秋冬季加绒加厚睡眠袜地板袜防寒保暖中筒袜月子袜,价格：12.90元,券后价：9.90元,商品链接：https://p.pinduoduo.com/aTEnmr1k,销量1.8万,花丫波官方旗舰店
https://img.pddpic.com/gaudit-image/2022-11-18/67265d5a583263467ebfee7dafc22347.jpeg,【包邮】东风景逸X5风行SX6菱智T5风光580S560ix7330汽车轮胎防滑链铁链,价格：168.00元,券后价：165.00元,商品链接：https://p.pinduoduo.com/ljVn1euk,销量49,斯塔克汽车用品厂家
https://img.pddpic.com/gaudit-image/2022-12-01/f636cdf38e320145c7c319f740823a38.jpeg,【包邮】统一开小灶自热米饭4盒宫保鸡丁土豆牛腩小香菇烧肉水煮牛肉速食,价格：82.00元,券后价：77.00元,商品链接：https://p.pinduoduo.com/mBQny1FF,销量497,统一方便食品旗舰店
https://img.pddpic.com/gaudit-image/2021-11-10/e9bee4a96c59fca64ec43ccdcee46675.jpeg,【包邮】未来润唇膏补水保湿滋润防干裂淡化唇纹护唇膏唇部护理口红打底,价格：39.90元,券后价：12.90元,商品链接：https://p.pinduoduo.com/QOKnvUxg,销量10万+,SKIN VAPE美妆旗舰店
商品图片_url,商品名称,商品价格,商品券后价,商品链接,销量,店铺名
https://img.pddpic.com/gaudit-image/2022-12-21/789fd017646d3c59d92b6df834cb3279.jpeg,【包邮】【现货速发】N95口罩含熔喷布可防病毒成人五层立体防尘防飞沫,价格：49.90元,券后价：29.90元,商品链接：https://p.pinduoduo.com/s3wnc5lx,销量3098,欣益盛家居
https://img.pddpic.com/gaudit-image/2022-12-18/24346c8d3ab21d6bf27586da62f0cb85.jpeg,【包邮】【防疫必备】酒精消毒喷雾枪家用室内防疫蓝光消毒纳米空气净化器,价格：69.90元,券后价：39.90元,商品链接：https://p.pinduoduo.com/OLin9fsm,销量1.1万,馨豪数码电器官方旗舰店
https://img.pddpic.com/gaudit-image/2021-11-01/c3c6ad122597411578d79f54d5da4e45.jpeg,【包邮】东西壹点爆浆肉松小贝小蛋糕整箱零食休闲早餐夹心面包140g,价格：30.90元,券后价：19.90元,商品链接：https://p.pinduoduo.com/DMknFlYQ,销量3.4万,东西壹点食品官方旗舰店
https://img.pddpic.com/gaudit-image/2022-12-22/2d5cbaf8e452ee5ab2fb3620f4f66560.jpeg,【包邮】【5包装】宜婴纸尿裤拉拉裤精灵裤透气干爽小内裤新款男女婴儿【5天内发货】,价格：319.00元,券后价：210.00元,商品链接：https://p.pinduoduo.com/4r8nrXpv,销量886,宜婴母婴旗舰店
https://img.pddpic.com/gaudit-image/2022-12-21/b6e21b601559f85d5916520127e7b526.jpeg,【包邮】冬季睡衣女新款家居公主风水蜜桃居家服女套装,价格：59.90元,券后价：31.90元,商品链接：https://p.pinduoduo.com/H1ln90v9,销量951,单姐精品服饰
https://img.pddpic.com/gaudit-image/2022-12-06/be7d556ce1dfd87fe2fe64a80839da09.jpeg,【包邮】年货节|香飘飘奶茶经典+系列12杯0反式脂肪酸新料茶冻加量装礼盒,价格：40.90元,券后价：35.90元,商品链接：https://p.pinduoduo.com/QOBnbU2T,销量5085,香飘飘官方旗舰店
https://img.pddpic.com/gaudit-image/2022-10-10/23df9fafd17053615506e9e34f6215fa.jpeg,【包邮】女士鲨鱼加绒加厚显瘦显腿长冬季保暖无痕外穿高弹力打底裤,价格：35.90元,券后价：25.90元,商品链接：https://p.pinduoduo.com/A18nxMws,销量1.4万,苓妤LingYu服饰箱包官方旗舰店
https://img.pddpic.com/gaudit-image/2022-12-22/e02882e6518043fb2bdb93810784acf4.jpeg,【包邮】次氯酸消毒液室内医用家用杀菌消毒母婴可用防疫免洗手液随身便携,价格：48.99元,券后价：28.99元,商品链接：https://p.pinduoduo.com/ad3nQrRO,销量380,名媛美妆护理
https://img.pddpic.com/gaudit-image/2022-11-12/1d769047c4ff2b2b8d3c79d62ac728df.jpeg,【包邮】劲度N95正规医用防护口罩新冠2022新款防病毒多层一次性独立包装【7天内发货】,价格：306.91元,券后价：304.91元,商品链接：https://p.pinduoduo.com/AOiABqNB,销量2.2万,劲度医疗器械旗舰店
https://img.pddpic.com/gaudit-image/2022-10-29/0ca026595a71f184e1f622d2c5f04a05.jpeg,【包邮】回力厚底小白鞋女秋冬季2022新款女鞋百搭休闲鞋爆款运动板鞋子潮,价格：98.00元,券后价：49.00元,商品链接：https://p.pinduoduo.com/mm2n1LhS,销量686,思创鞋类专营店
https://img.pddpic.com/gaudit-image/2022-12-19/89d7061a0319b8ee9ef39ff019243074.jpeg,【包邮】2023防护口罩五层kn95男女高颜值ins成人KN95口罩5层加厚防病菌,价格：30.80元,券后价：25.80元,商品链接：https://p.pinduoduo.com/xg0nyP5S,销量991,小金口罩店
https://img.pddpic.com/gaudit-image/2022-03-23/951c96d4c5bd78ccde8e1502c573e22e.jpeg,【包邮】良品铺子虎皮蛋糕500g整箱装芝士夹心软蛋糕面包网红零食早餐,价格：22.90元,券后价：16.90元,商品链接：https://p.pinduoduo.com/FG1n4L8z,销量2821,良品铺子蛋糕官方旗舰店
https://img.pddpic.com/gaudit-image/2022-08-15/f371e1dfd86080d1637b56f45d8a0c6a.jpeg,【包邮】babycare纸尿裤皇室狮子王国宝宝纸尿裤超薄透气柔婴儿尿不湿4包,价格：362.00元,券后价：291.00元,商品链接：https://p.pinduoduo.com/sPXnTo4b,销量2.2万,天誉尚品母婴专营店
https://img.pddpic.com/gaudit-image/2022-12-23/3fc081d0e77f4edc4eb7a5b40eb6d712.jpeg,【包邮】【防疫常备】75%酒精喷雾家庭装母婴可用消毒水防病毒【5天内发货】,价格：29.90元,券后价：15.90元,商品链接：https://p.pinduoduo.com/byvni8EK,销量1.5万,人仁和匠心个人护理旗舰店
https://img.pddpic.com/gaudit-image/2022-10-12/b660cd27a85e9469ae171498afd997af.jpeg,【包邮】正品维生素c咀嚼片瓶美白祛斑成人维生素免疫力提高营养健身补充,价格：21.90元,券后价：15.90元,商品链接：https://p.pinduoduo.com/j1QnT7Ki,销量1959,商花堂食品保健官方旗舰店
https://img.pddpic.com/gaudit-image/2022-12-23/78aab780813166453c66964e0734c260.jpeg,【包邮】【现货立发】次氯酸消毒液免洗家用杀菌次碌酸喷雾剂水免洗手含氯,价格：33.90元,券后价：23.90元,商品链接：https://p.pinduoduo.com/OvGnysGq,销量1319,源有日化专营店
https://img.pddpic.com/gaudit-image/2022-12-08/1ee2a3066289bdd233c49a65c0a66df8.jpeg,【包邮】史努比儿童羽绒棉服男女宝宝加厚短款连帽外套秋冬新款休闲棒球服,价格：69.90元,券后价：49.90元,商品链接：https://p.pinduoduo.com/doin9QXe,销量705,灵汐家童装专营店
https://img.pddpic.com/gaudit-image/2022-02-24/92143903c566c413cb1ad6ab41454456.jpeg,【包邮】葵花医用小儿止咳咯痰贴咳嗽贴急慢性支气管炎贴幼儿远红外止咳贴,价格：34.90元,券后价：24.90元,商品链接：https://p.pinduoduo.com/m0ynrUtp,销量3.1万,葵花医疗器械旗舰店
https://img.pddpic.com/gaudit-image/2022-12-12/4f371aa09af48dea7ac4360b5e5c5047.jpeg,【包邮】优普爱 酒精湿巾 清洁卫生湿巾成人湿纸巾桶装酒精棉 100片/桶,价格：29.90元,券后价：18.90元,商品链接：https://p.pinduoduo.com/SK3Ag2PU,销量2164,创新欧派婴童用品专营店
https://img.pddpic.com/gaudit-image/2022-05-23/b607359436db3fb4de0da7cb3fea1fa5.jpeg,【包邮】KN95防病毒立体口罩一次性成人透气防尘口罩加厚熔喷布批发,价格：69.90元,券后价：56.90元,商品链接：https://p.pinduoduo.com/AOmABqKz,销量2.8万,慕棘旗舰店
https://img.pddpic.com/gaudit-image/2022-12-15/87554d45ccae08f7116a1f988eef318e.jpeg,【包邮】【独立包装】 75%酒精消毒湿巾医用棉片儿童学生湿纸巾免洗手,价格：18.90元,券后价：13.90元,商品链接：https://p.pinduoduo.com/sJhnTo1t,销量5857,可妮黛洛家居生活专营店
https://img.pddpic.com/gaudit-image/2022-12-07/c6aeee31dd21fbff2fbd4bb554f06478.jpeg,【包邮】唐老鸭睡袍加绒法兰绒秋冬款中长款浴袍洋气特价清仓家居服,价格：49.90元,券后价：29.90元,商品链接：https://p.pinduoduo.com/9mXniwgW,销量3263,过荷官方旗舰店
https://img.pddpic.com/gaudit-image/2022-12-15/d47af3c872144775eec4dbe0b869fa0c.jpeg,【包邮】【简爱力荐】父爱配方儿童酸奶0%2%4%蔗糖100g*12袋,价格：141.90元,券后价：88.90元,商品链接：https://p.pinduoduo.com/9QynccsO,销量1.5万,简爱母婴旗舰店
https://img.pddpic.com/gaudit-image/2022-12-22/8025e3314be6d831eed46c7256e5d5a8.jpeg,【包邮】kn95柳叶型口罩成人四层加厚防护口罩立体一次性口罩鱼形【5天内发货】,价格：56.90元,券后价：39.90元,商品链接：https://p.pinduoduo.com/oPWnvEO2,销量399,猎户星座医疗用品专营店
https://img.pddpic.com/gaudit-image/2022-10-09/d0ea25803a4c33860af4836b08957ff2.jpeg,【包邮】【工厂特价100包】馋大嘴巴素鸡筋辣条网红零食小吃童年怀旧40包,价格：12.90元,券后价：9.90元,商品链接：https://p.pinduoduo.com/2CPnmORf,销量3168,馋大嘴巴食品旗舰店
https://img.pddpic.com/gaudit-image/2022-12-16/82a522c2135ad2a29044aba513c5e722.jpeg,【包邮】百草味醇麦吐司500g*2箱白面包切片面包早餐营养代餐学生健康零食,价格：24.90元,券后价：19.90元,商品链接：https://p.pinduoduo.com/nChnr99e,销量10万+,百草味零食旗舰店
https://img.pddpic.com/gaudit-image/2022-12-16/b154398f799b250ae863ddbf84fbb35d.jpeg,【包邮】张家界耙耙小柑橘子柑橘水果生鲜崭谭锹柑非沃柑5斤装包邮【5天内发货】,价格：17.90元,券后价：12.90元,商品链接：https://p.pinduoduo.com/WzEnIo0r,销量2913,肥婷水果生鲜专营店
https://img.pddpic.com/gaudit-image/2022-12-23/6857dbb60a0e9db4b3079237f0ef3fec.jpeg,【包邮】【现货速发】玉沙集团N95成人口罩装一次性民用成人儿童防护口罩,价格：48.90元,券后价：38.90元,商品链接：https://p.pinduoduo.com/HjJACJNZ,销量2334,玉沙家纺旗舰店
https://img.pddpic.com/gaudit-image/2022-02-16/7713ffd6b2b8b72f00bb02a99ca4fc22.jpeg,【包邮】德佑加厚湿纸巾小包独立便携婴儿手口屁专用湿巾新生儿宝宝湿纸巾,价格：15.90元,券后价：11.90元,商品链接：https://p.pinduoduo.com/2sCAg3B4,销量5.9万,德佑官方旗舰店
https://img.pddpic.com/gaudit-image/2022-12-19/3f733c086b06798bf1b1164f217fed6c.jpeg,【包邮】【防澳秘克戎】 儿童口罩3-12岁小朋友透气KN95口罩现货速发四层,价格：40.90元,券后价：29.90元,商品链接：https://p.pinduoduo.com/1djn9PEy,销量3829,亦宸母婴优选店
https://img.pddpic.com/gaudit-image/2022-12-02/121b6a4b85c2f7309a660c5b1ae62dc7.jpeg,【包邮】立白洗衣液柔顺剂玫瑰香型立白香薰大师洗衣液挤压式家庭装洗衣液,价格：29.80元,券后价：9.80元,商品链接：https://p.pinduoduo.com/15rnx1Xw,销量2072,立白品源专卖店
https://img.pddpic.com/gaudit-image/2022-11-03/bf18d0326f0f059af97824392c2224c0.jpeg,【包邮】ubras无尺码倍暖肌底衣肌底裤保暖套装舒适外穿百搭冬季爆款,价格：59.00元,券后价：58.00元,商品链接：https://p.pinduoduo.com/SAHnilsW,销量1.6万,ubras旗舰店
https://img.pddpic.com/gaudit-image/2022-12-22/6d13fc088464842d119d3dc619fbaca6.jpeg,【包邮】【5包装】宜婴纸尿裤弱酸水果裤尿不湿超薄男女宝宝通用婴儿【5天内发货】,价格：297.50元,券后价：197.50元,商品链接：https://p.pinduoduo.com/XpMACGhR,销量1355,宜婴母婴旗舰店
https://img.pddpic.com/gaudit-image/2022-12-16/5858212a7e6459f8dd55491aa88355e8.jpeg,【包邮】【买1赠1】可复美修复乳敷料5g/支类人胶原蛋白项目后敏肌修复D1,价格：59.90元,券后价：19.90元,商品链接：https://p.pinduoduo.com/OswnxRis,销量4.7万,可复美官方旗舰店
https://img.pddpic.com/gaudit-image/2022-12-12/7eff3e9e64e9492b327a2c9178adf817.jpeg,【包邮】养生堂维生素c咀嚼片300粒大份量装美白学生vc增强免疫力增强体质,价格：79.00元,券后价：59.00元,商品链接：https://p.pinduoduo.com/xnQABPNm,销量9210,养生堂傲京专卖店
https://img.pddpic.com/gaudit-image/2022-12-20/00a9d59d4d6fce3134818d679691f2cf.jpeg,【包邮】防疫KN95成人口罩防病毒五层一次性防飞沫防尘防雾霾防护口罩批发,价格：45.80元,券后价：25.80元,商品链接：https://p.pinduoduo.com/yn0nT6MK,销量7022,鹿遥官方旗舰店
https://img.pddpic.com/gaudit-image/2022-12-19/b37f34b876f032772ca14922defec633.jpeg,【包邮】老金磨方坊枇杷秋梨膏冰糖雪梨膏砀山酥梨老人宝宝可即食润喉便携【4天内发货】,价格：30.90元,券后价：13.90元,商品链接：https://p.pinduoduo.com/1rdnvNYP,销量2870,老金磨方滋补官方旗舰店
https://img.pddpic.com/gaudit-image/2022-12-19/51bf6d33c574eded36a07d9516ba4a4d.jpeg,【包邮】【全网低价】KN95口罩民用现货速发防飞沫病毒当天发货,价格：65.90元,券后价：62.90元,商品链接：https://p.pinduoduo.com/9nZnFVzN,销量1万,硕锐医疗器械官方旗舰店
https://img.pddpic.com/gaudit-image/2022-08-26/cd6e975b2b961770e9a0a30ee79ba2f4.jpeg,【包邮】茶花34L塑料收纳箱3个装儿童玩具斜口翻盖家用收纳盒储物柜整理箱,价格：149.00元,券后价：109.00元,商品链接：https://p.pinduoduo.com/fd1nvASK,销量2.4万,茶花家居旗舰店
https://img.pddpic.com/gaudit-image/2022-12-22/c92802fd8a869f5d07494ac3b91d4b0f.jpeg,【包邮】【防奥密克戎】正规KN95防病毒口罩成人含熔喷布不勒耳朵现货清仓,价格：37.90元,券后价：31.90元,商品链接：https://p.pinduoduo.com/SjpnQNln,销量730,琳玲家居生活馆
https://img.pddpic.com/gaudit-image/2022-12-11/e5138a107bdda82ca65967337c69451c.jpeg,【包邮】【秒杀中】手足干裂皲裂膏脚后跟开裂足裂手指头干裂爆皮护足霜,价格：19.90元,券后价：9.90元,商品链接：https://p.pinduoduo.com/fLzn4Stq,销量10万+,luckyfine旗舰店
https://img.pddpic.com/gaudit-image/2022-12-09/838f5113c9c031ef97b778a123f343c0.jpeg,【包邮】释迦果新鲜凤梨牛奶释迦果特价清仓整箱批发包邮当季水果超甜软绵,价格：25.80元,券后价：18.80元,商品链接：https://p.pinduoduo.com/fE9nyyAN,销量1411,华遥商贸
https://img.pddpic.com/gaudit-image/2022-08-12/e1d91df1f5fc0467345ee20d9ba0c2ad.jpeg,【包邮】Beaba碧芭宝贝冰淇淋婴儿纸尿裤男女通用 轻薄透气干爽四季两包装,价格：259.00元,券后价：120.00元,商品链接：https://p.pinduoduo.com/ftSn1UQZ,销量4695,BEABA官方旗舰店
https://img.pddpic.com/gaudit-image/2022-12-19/cf14d0e7525a9002efbdef0de4ade749.jpeg,【包邮】当天发【可防奥密克戎】KN95防病毒一次性口罩透气四层加厚熔喷布,价格：129.90元,券后价：39.90元,商品链接：https://p.pinduoduo.com/vyTnvJVR,销量5741,全品屋家居建材旗舰店
https://img.pddpic.com/gaudit-image/2022-09-13/62b83ea881e24a49eb6f2e5e438ff1cf.jpeg,【包邮】空刻意大利面5盒装 番茄黑椒奶油咖喱意面组合装速食意大利面套装,价格：104.00元,券后价：98.00元,商品链接：https://p.pinduoduo.com/2qfn9HH5,销量4412,笨小孩粮油米面专营店
https://img.pddpic.com/gaudit-image/2022-12-22/52d45dce49ef3a9b9f9586ec01e86f80.jpeg,【包邮】葵花咽炎片 30片/盒养阴润肺清热解毒清利咽喉镇咳止痒慢性咽炎,价格：14.90元,券后价：13.90元,商品链接：https://p.pinduoduo.com/jonnF73w,销量484,康乐大药房旗舰店
https://img.pddpic.com/gaudit-image/2022-12-16/2b989787d3167e644801528cc6bbb3c5.jpeg,【包邮】芙h医用退热贴婴幼儿童高烧成人发烧贴快速降温物流降温贴散热贴【1月13日发完】,价格：39.90元,券后价：19.90元,商品链接：https://p.pinduoduo.com/ctBnIkTB,销量2.8万,FURYUEE旗舰店
https://img.pddpic.com/gaudit-image/2022-11-16/5d16246d333363e2e9269048d9e3a459.jpeg,【包邮】偷心盗贼 无痕薄款小胸聚拢无钢圈防下垂大胸显小运动舒适文胸罩,价格：39.90元,券后价：14.90元,商品链接：https://p.pinduoduo.com/F52AgQl0,销量1.2万,博拉恋内衣官方旗舰店
https://img.pddpic.com/gaudit-image/2022-12-07/034ebeeeacf1c9338046d2a92b83a668.jpeg,【包邮】洽洽瓜子大礼混合装瓜子组合1090g(共11包)香瓜子多味椰香瓜子,价格：99.90元,券后价：39.90元,商品链接：https://p.pinduoduo.com/QSJnFCIZ,销量1934,洽洽食品官方旗舰店
https://img.pddpic.com/gaudit-image/2022-12-08/09afd3fdfd81cf619225db0bfe160f5d.jpeg,【包邮】二八口糯米烧麦批发商用鲜肉烧麦批发整箱营养早餐,价格：16.90元,券后价：12.90元,商品链接：https://p.pinduoduo.com/0YcnT12T,销量2227,二八口食品官方旗舰店
https://img.pddpic.com/gaudit-image/2022-12-14/62eccbfdbb266c343c499c1725af76b2.jpeg,【包邮】现货正品kn95口罩200只一次性成人透气防尘加厚熔喷布,价格：17.90元,券后价：16.90元,商品链接：https://p.pinduoduo.com/OAyACKrG,销量10万+,筱初伊百货
https://img.pddpic.com/gaudit-image/2022-12-16/1c4d7a0d3ccd24617fc77078d2fe403a.jpeg,【包邮】净重1斤中大果夏威夷果奶香味坚果袋装炒货孕妇健康休闲零食 年货【7天内发货】,价格：28.90元,券后价：18.90元,商品链接：https://p.pinduoduo.com/XyOn9qEz,销量1932,楂小赞官方旗舰店
https://img.pddpic.com/gaudit-image/2022-12-20/6ed54f756b1da06eec2672dfb07503c3.jpeg,【包邮】退热冰凉贴快速物理降温神器宝宝冷敷婴儿家用学生散热清凉贴口罩,价格：89.90元,券后价：59.90元,商品链接：https://p.pinduoduo.com/oAVAg1bG,销量5117,艾咪艾咪伯林专卖店
https://img.pddpic.com/gaudit-image/2022-09-01/958a2291c56d0bc331460da346146647.jpeg,【包邮】【新鲜甜玉米】正宗东北糯玉米新鲜甜糯玉米整箱真空包装加热即食,价格：29.90元,券后价：17.90元,商品链接：https://p.pinduoduo.com/cIan4Zsl,销量4315,龙江一栗工厂店
https://img.pddpic.com/gaudit-image/2022-12-16/1d0519ee4a1f5d8fe27d556e7476a28d.jpeg,【包邮】葵花医用退热凝胶走珠器婴幼儿童宝宝退热贴退烧滚珠成人物理降温,价格：29.80元,券后价：19.80元,商品链接：https://p.pinduoduo.com/dzNnrn7U,销量3.9万,葵花旗舰店
https://img.pddpic.com/gaudit-image/2022-11-18/a66836257b35a0fab435dc399eb839fa.jpeg,【包邮】小鹿妈妈牙线独立包装家庭装牙签牙线安全剔牙神器经典超细牙线棒,价格：30.90元,券后价：10.90元,商品链接：https://p.pinduoduo.com/9E5AgNoD,销量2.4万,小鹿妈妈口腔旗舰店
https://img.pddpic.com/gaudit-image/2022-04-02/bfaee836a41ae8d8b1826fd7992376c6.jpeg,【包邮】吉香居榨菜真芯25g*20袋萝卜真芯小包装开味下饭菜佐餐小菜咸菜,价格：19.90元,券后价：11.90元,商品链接：https://p.pinduoduo.com/4IrnQk51,销量4.2万,吉香居食品官方旗舰店
https://img.pddpic.com/gaudit-image/2022-10-15/e489d419228eeb03134bee363933858f.jpeg,【包邮】简易鞋架门口家用5层小型办公室宿舍鞋柜结实耐用多层防尘鞋架子,价格：19.90元,券后价：15.90元,商品链接：https://p.pinduoduo.com/4renrrmp,销量1.8万,友诚家庭清洁专营店
https://img.pddpic.com/gaudit-image/2022-11-01/bd87c41f482dd6654f2a2cd6c786da6d.jpeg,【包邮】自由点安睡裤产后产妇卫生巾姨妈巾安心裤学生12岁官方旗舰店,价格：22.60元,券后价：19.60元,商品链接：https://p.pinduoduo.com/btgnrwbR,销量10万+,自由点FREEMORE官方旗舰店
https://img.pddpic.com/gaudit-image/2022-11-29/4fec43bed1d7d9ed3d6a448ccb46f42f.jpeg,【包邮】官方旗舰店皇帝柑广西正宗整箱薄皮批发当季新鲜包邮【5天内发货】,价格：18.90元,券后价：10.90元,商品链接：https://p.pinduoduo.com/DAyn1Odt,销量2419,美香沃官方旗舰店
https://img.pddpic.com/gaudit-image/2022-11-04/99e89e1e34bef78b6ecc8295bd3efeb6.jpeg,【包邮】[5包装]爽然Summer拉拉裤婴儿纸尿裤男女宝宝尿不湿通用超薄透气,价格：309.00元,券后价：199.00元,商品链接：https://p.pinduoduo.com/XVfniHPw,销量7658,爽然旗舰店
https://img.pddpic.com/gaudit-image/2022-11-04/0a8d6eab0a2dd40b4b93b4ddd3795f86.jpeg,【包邮】佳龙酱味丝素酱肉丝辣条儿时怀旧魔芋爽大刀肉辣条批发零食大礼包,价格：14.90元,券后价：9.90元,商品链接：https://p.pinduoduo.com/mV6nv0hf,销量1.4万,佳龙零食专卖店
https://img.pddpic.com/gaudit-image/2022-12-11/6cd6bffed016e0a3d12efb21d44d7324.jpeg,【包邮】国潮2023兔年窗花静电贴玻璃贴福字门贴装饰元旦新年春节过年贴纸,价格：21.89元,券后价：8.89元,商品链接：https://p.pinduoduo.com/VKXnI9iP,销量539,罗曼蒂工艺品有限公司
https://img.pddpic.com/gaudit-image/2022-11-30/01bf8702cfad333c23c085c673ede777.jpeg,【包邮】兔年本命年百搭红色袜子女中通卡通秋冬2023兔年新年款中筒袜防臭,价格：21.90元,券后价：12.90元,商品链接：https://p.pinduoduo.com/ipZnvtNr,销量9086,GILVER袜子旗舰店
https://img.pddpic.com/gaudit-image/2022-11-14/b9a4d2d9247b29eae058783127be11ed.jpeg,【包邮】禾泱泱米饼4盒装 宝宝零食辅食原味磨牙婴儿米饼稻鸭原生饼干6月+,价格：130.00元,券后价：58.00元,商品链接：https://p.pinduoduo.com/Ad9ACRAl,销量855,禾泱泱母婴官方旗舰店
https://img.pddpic.com/gaudit-image/2022-11-30/b7000cef1d316e1d46794f337100ddc3.jpeg,【包邮】舒客旗舰店酵素牙膏防蛀牙膏美白去黄去渍套装家庭装实惠包邮,价格：79.90元,券后价：49.90元,商品链接：https://p.pinduoduo.com/xbpnXpVO,销量9.4万,舒客官方旗舰店
https://img.pddpic.com/gaudit-image/2022-12-05/1d170bff5438077791b0229408443209.jpeg,【包邮】儿童医 用外 科口罩独立包装成人防疫防病毒防勒耳一次性口罩,价格：24.90元,券后价：23.90元,商品链接：https://p.pinduoduo.com/21VniIES,销量7121,尚伊诺医疗器械旗舰店
https://img.pddpic.com/gaudit-image/2022-12-14/0612a0c1292e9bdefe41d6c0e33f0109.jpeg,【包邮】林家铺子糖水黄桃罐头360g*6罐桃子水果罐头玻璃瓶装整箱零食包邮【10天内发货】,价格：69.90元,券后价：59.90元,商品链接：https://p.pinduoduo.com/xd0n4fdG,销量8533,林家铺子官方旗舰店
https://img.pddpic.com/gaudit-image/2022-10-31/4921880c1cc40a996103245dfc88471e.jpeg,【包邮】网易云音乐vip黑胶会员12个月年卡买赠华为视频月卡权益 官方直充,价格：75.00元,券后价：69.00元,商品链接：https://p.pinduoduo.com/aGXnbp91,销量4093,挽风数娱专营店
https://img.pddpic.com/gaudit-image/2022-11-14/cacf988782a376de19746ac6bbde079a.jpeg,【包邮】毕生之研咖啡减淡唇纹唇霜滋润保湿去死皮防干裂唇膜唇膏唇部精华,价格：73.00元,券后价：49.00元,商品链接：https://p.pinduoduo.com/ndrnbIVe,销量1.4万,毕生之研官方旗舰店
https://img.pddpic.com/gaudit-image/2022-11-24/e6550d0b9ea53d520330ace1cf6a9fe3.jpeg,【包邮】好奇心钻小森林纸尿裤拉拉裤超薄透气男女宝宝通用两包装多规格,价格：224.00元,券后价：208.00元,商品链接：https://p.pinduoduo.com/djbnfxbE,销量1008,好奇母婴旗舰店
https://img.pddpic.com/gaudit-image/2022-11-12/aaf4ca6bc54020cb7088ad55b2b7585e.jpeg,【包邮】新货巴旦木坚果批发奶油味盐h罐装手剥干果纸皮薄皮杏仁散装零食,价格：29.70元,券后价：9.70元,商品链接：https://p.pinduoduo.com/xgAny5Tz,销量4万,香意亿食品旗舰店
https://img.pddpic.com/gaudit-image/2022-12-11/6011ade186defa09dd813c881e421de0.jpeg,【包邮】kn95冬季防护口罩5层外置国标防尘防雾霾防病毒保护,价格：69.00元,券后价：68.00元,商品链接：https://p.pinduoduo.com/958nregR,销量1368,FEE智能生活
https://img.pddpic.com/gaudit-image/2022-02-26/996ca063b668f5eb70a70a1f2dcb9157.jpeg,【包邮】芬腾女士内裤女全棉裆中腰少女日系透气透气三角短裤头,价格：59.90元,券后价：29.90元,商品链接：https://p.pinduoduo.com/nL8nbNMK,销量6.1万,芬腾家居服旗舰店
https://img.pddpic.com/gaudit-image/2022-12-17/ff4ecd6f187bc2ada3a74a76351ab6d6.jpeg,【包邮】广西武鸣沃柑橘子水果正宗当季桔子新鲜蜜桔超甜应季蜜橘整箱包邮【5天内发货】,价格：29.90元,券后价：21.90元,商品链接：https://p.pinduoduo.com/dvDABSpL,销量4378,当然鲜果水果店
https://img.pddpic.com/gaudit-image/2022-12-11/e5138a107bdda82ca65967337c69451c.jpeg,【包邮】【秒杀中】手足干裂皲裂膏脚后跟开裂足裂手指头干裂爆皮护足霜,价格：19.90元,券后价：9.90元,商品链接：https://p.pinduoduo.com/2oRnIYyt,销量10万+,luckyfine旗舰店
https://img.pddpic.com/gaudit-image/2022-12-23/2162dea5faf63c6d95e8c3660d6693cc.jpeg,【包邮】柳叶形新款KN95级莫兰迪色口罩女高颜值3Dins独立包装【5天内发货】,价格：68.90元,券后价：39.90元,商品链接：https://p.pinduoduo.com/dz5nrng9,销量1169,洁丽姿旗舰店
https://img.pddpic.com/gaudit-image/2022-12-09/ff6b49097354cad84b6c5081bbe9977c.jpeg,【包邮】【富士苹果】红富士苹果新鲜孕妇水果脆甜冰糖心苹果原生态丑苹果,价格：28.39元,券后价：27.39元,商品链接：https://p.pinduoduo.com/sx5n9RGQ,销量2.3万,亮维鲜水果旗舰店
https://img.pddpic.com/gaudit-image/2022-09-19/05689dc3f7d13ae80ad4a6383a1e066c.jpeg,【包邮】【先试后买】华熙生物夸迪战痘次抛悬油祛痘修护尝鲜组合U先,价格：59.90元,券后价：19.90元,商品链接：https://p.pinduoduo.com/VvsnyrSs,销量4.1万,夸迪官方旗舰店
https://img.pddpic.com/gaudit-image/2022-03-15/f8c918578dad0917dd4b03b4d253b29d.jpeg,【包邮】小壮熊恒温壶婴儿奶瓶消毒一体调奶器多功能煮水壶全自动烧水壶,价格：93.06元,券后价：91.06元,商品链接：https://p.pinduoduo.com/Xa3nauSG,销量2万,小壮熊旗舰店
https://img.pddpic.com/gaudit-image/2022-09-29/0103cf2439989c326abc7ee6625020a8.jpeg,【包邮】好奇皇家麒麟裤纸尿裤小内裤官方直销经典蚕丝材全尺码整箱装批发【7天内发货】,价格：175.00元,券后价：140.00元,商品链接：https://p.pinduoduo.com/lAfAgYDq,销量575,好奇母婴旗舰店
https://img.pddpic.com/gaudit-image/2022-08-25/903e77cc069b1abb91cebb55e45ea1d7.jpeg,【包邮】脆升升香脆薯条200g(20g*10包)小袋散装办公零食休闲批发薯脆生生,价格：17.90元,券后价：13.90元,商品链接：https://p.pinduoduo.com/fbDnTKUW,销量10万+,脆升升食品官方旗舰店
https://img.pddpic.com/gaudit-image/2022-12-20/65dd98f776c05bbaa9b9d42b52a58798.jpeg,【包邮】大卷垃圾袋家用袋手提垃圾袋加厚彩色断点式厨房家用自动收口,价格：21.90元,券后价：10.90元,商品链接：https://p.pinduoduo.com/do9n9Qof,销量4341,强翔家居生活专营店
https://img.pddpic.com/gaudit-image/2022-12-17/b6e03bfe7c3a2a27201acea34df72a37.jpeg,【包邮】6条袋装日系蜂巢中腰内裤女无痕提臀收腹蜂窝透气女士三角内裤,价格：24.97元,券后价：19.97元,商品链接：https://p.pinduoduo.com/nPRnx5Wv,销量826,猫式纪服装官方旗舰店
https://img.pddpic.com/gaudit-image/2022-12-13/22acf577854b1c202f53ed0bab7b8117.jpeg,【包邮】广西沃柑 大果爆汁原箱装 武鸣果园直发 新鲜当季广西水果整件,价格：29.90元,券后价：24.90元,商品链接：https://p.pinduoduo.com/obcnasIH,销量3177,同柑上源专卖店
https://img.pddpic.com/gaudit-image/2022-12-16/8cb2ec7688d2b338e723bafdbaa2f2fd.jpeg,【包邮】娅滋澜迪洁丝84试用装老牌子消毒液【5天内发货】,价格：29.99元,券后价：19.99元,商品链接：https://p.pinduoduo.com/xS4n9bfu,销量4339,娅滋澜官方旗舰店
https://img.pddpic.com/gaudit-image/2022-12-08/0b2d1a7a9f6e8c3baa3d298695896b77.jpeg,【包邮】医用外科口罩一次性三层防护防病毒正规医用级防疫成人独立包装,价格：39.99元,券后价：23.99元,商品链接：https://p.pinduoduo.com/X5unm8cV,销量503,城怡呈医药健康专营店
https://img.pddpic.com/gaudit-image/2022-12-10/186f3eff83ce1a0b76cb82491341f0ac.jpeg,【包邮】正宗新鲜紫薯农家自种沙地香甜软糯超甜松软蜜薯红薯【粉糯香甜】,价格：15.80元,券后价：8.80元,商品链接：https://p.pinduoduo.com/4nbnvnRD,销量889,淇翎果业
https://img.pddpic.com/gaudit-image/2022-12-01/a640f74c9f965bc0f1ab4311b68cdf1f.jpeg,【包邮】罗蒙裤子男士加绒羊羔绒秋冬款休闲裤大码直筒运动长裤棉裤男款,价格：69.90元,券后价：29.90元,商品链接：https://p.pinduoduo.com/TnfABYki,销量2016,宛科服饰专营店
https://img.pddpic.com/gaudit-image/2022-06-22/bb38a9d90f92c77737bd979d4abd7d6f.jpeg,【包邮】秋梨膏棒棒糖解馋酸甜梨膏糖儿童好吃的水果味休闲儿童小零食品,价格：14.90元,券后价：9.90元,商品链接：https://p.pinduoduo.com/ndmnbIqQ,销量6071,欧其乐食品官方旗舰店
https://img.pddpic.com/gaudit-image/2022-09-06/5253d99ad499aaa2cfc9edf3d00f5ab0.jpeg,【包邮】禾泱泱手指饼干2罐 芝麻棒饼/奶酪棒饼儿童营养零食烘焙非油炸,价格：59.00元,券后价：29.00元,商品链接：https://p.pinduoduo.com/yGHnmu3j,销量2135,禾泱泱母婴官方旗舰店
https://img.pddpic.com/gaudit-image/2022-12-06/6173a7b9a71df38951d1b61d7c6c51b8.jpeg,【包邮】洽洽小规格瓜子混合口味瓜子10/20袋装多袋装小包装分享装,价格：29.90元,券后价：9.90元,商品链接：https://p.pinduoduo.com/1tdn9HZK,销量10万+,洽洽食品官方旗舰店
https://img.pddpic.com/gaudit-image/2022-12-17/36ccc7f9b9a78e096da48fbc5192ff6d.jpeg,【包邮】【10个装】防护面罩全脸防尘防油溅防飞沫面具炒菜防油烟团购批发,价格：15.90元,券后价：12.90元,商品链接：https://p.pinduoduo.com/FEdnyJLT,销量1347,希伊耶谢
https://img.pddpic.com/gaudit-image/2022-09-07/3e49e1327a42f65bb99529cdbad1d9e2.jpeg,【包邮】俞兆林德绒秋衣秋裤套装男秋冬季防寒女士打底衫男士无痕保暖内衣,价格：49.90元,券后价：29.90元,商品链接：https://p.pinduoduo.com/WFLnaDaJ,销量6万,俞兆林齐创专卖店
https://img.pddpic.com/gaudit-image/2022-12-22/2214da5d44636f314256426b6c51810e.jpeg,【包邮】山区橙子5斤新鲜现摘脐橙锦橙手剥橙子酸甜多汁橙子非赣南批发价,价格：25.86元,券后价：11.86元,商品链接：https://p.pinduoduo.com/21WnifQy,销量286,红果果C农产品
https://img.pddpic.com/gaudit-image/2022-12-19/e0df15a0ba6782ac81ff07fabeadc011.jpeg,【包邮】护理佳抽纸整箱批发大包4层加厚原木家用餐巾纸面巾纸厕纸抽纸巾,价格：39.90元,券后价：29.90元,商品链接：https://p.pinduoduo.com/2rQnXazK,销量2044,护理佳家居官方旗舰店
https://img.pddpic.com/gaudit-image/2022-12-12/9f812a0d257942977488b6ffa0519284.jpeg,【包邮】【现货现发】防疫面罩儿童面罩卡通防飞沫防雾全脸防护头戴护脸罩,价格：12.98元,券后价：9.98元,商品链接：https://p.pinduoduo.com/vSZnyIRC,销量6929,小蛮鼠母婴旗舰店
https://img.pddpic.com/gaudit-image/2022-03-31/c0257027143eaea1cbc01eada9a646a7.jpeg,【包邮】欧孕宝宝额头测温贴婴儿温度贴新生儿量体温儿童额温贴感应贴【7天内发货】,价格：13.80元,券后价：9.80元,商品链接：https://p.pinduoduo.com/SPsnT0mi,销量4187,欧孕母婴旗舰店
https://img.pddpic.com/gaudit-image/2022-02-26/b018ae338502dc313538ea81836a9982.jpeg,【包邮】美享时刻烤肠热狗加热即食奥尔良火山石台式火腿含肉量烧烤批发,价格：39.90元,券后价：29.90元,商品链接：https://p.pinduoduo.com/xOHnQBMc,销量10万+,美享时刻官方旗舰店
https://img.pddpic.com/gaudit-image/2022-06-20/51d7f6fd2b759329de0c3b193c8e6a73.jpeg,【包邮】良品铺子岩h乳酪吐司500g早餐食品代餐面包整箱网红零食蛋糕,价格：26.90元,券后价：14.90元,商品链接：https://p.pinduoduo.com/QI3ni71p,销量1.5万,良品铺子食品保健官方旗舰店
https://img.pddpic.com/gaudit-image/2022-08-11/ca4260d6bbd45fc1eaa897d1f1bac4b4.jpeg,【包邮】【2包】宜婴纸尿裤拉拉裤婴儿尿不湿新生儿小内裤超薄透气干爽【5天内发货】,价格：105.00元,券后价：79.00元,商品链接：https://p.pinduoduo.com/vISnF1EZ,销量4038,宜婴母婴旗舰店
https://img.pddpic.com/gaudit-image/2022-12-07/36e8a860f6bf0ba2c311f2f5dfb90e03.jpeg,【包邮】【枣乐趣】枣仁派红枣夹核桃仁儿童休闲零食特产枣乐趣旗舰店【4天内发货】,价格：16.90元,券后价：9.90元,商品链接：https://p.pinduoduo.com/fKgnyy8c,销量236,枣乐趣食品官方旗舰店
https://img.pddpic.com/gaudit-image/2022-12-23/8fbdc8ac10d7da9756556db616c8a1e2.jpeg,【包邮】儿童一次性独立包装KN95儿童口罩男女小学生透气防护儿童kn95卡通,价格：50.90元,券后价：39.90元,商品链接：https://p.pinduoduo.com/nPqnx5ML,销量1536,乐焓小店
https://img.pddpic.com/gaudit-image/2022-11-25/a11345cabe3d040336a4bf25790d39f5.jpeg,【包邮】Uchino/内野冬天袜子加厚加绒保暖中筒袜长筒堆堆袜冬季女月子袜,价格：26.80元,券后价：16.80元,商品链接：https://p.pinduoduo.com/SosAgmMn,销量1.2万,内野星闪耀专卖店
https://img.pddpic.com/gaudit-image/2022-11-21/998425e9a01164392e672da0410fa9f4.jpeg,【包邮】螺生门螺蛳粉螺狮米线粉丝宿舍囤货好吃欢快螺不贵小零食宵夜速食【5天内发货】,价格：15.90元,券后价：9.90元,商品链接：https://p.pinduoduo.com/2j7AgOJH,销量2738,螺生门食品旗舰店
https://img.pddpic.com/gaudit-image/2022-05-20/3e374ee47b75c5f090594a1bbcdc7025.jpeg,【包邮】纳可日夜组合卫生巾整箱批发学生日用夜用一箱大姨妈护垫超薄透气,价格：39.90元,券后价：17.90元,商品链接：https://p.pinduoduo.com/j1rnTuHp,销量10万+,纳可旗舰店
